customer_id,first_name,last_name,email,phone,country,city,acquisition_channel,registration_date
1,Rembrandt,Fuertes,rembrandt.fuertes1@live.com,+34 983 707 286,Francia,Boyer-sur-Vaillant,referral,2024-11-13
2,Margot,Ullrich,margot.ullrich2@yahoo.com,+49(0)3910651801,Alemania,Sainte Anouk,social,2023-06-06
3,Barry,Besson,barry.besson3@tele2.fr,02 29 82 51 28,España,Rodriguez-sur-Mer,organic,2023-08-22
4,Maristela,Martín,maristela.martín4@noos.fr,3773337523,España,Salamanca,email,2025-11-10
5,Jose Angel,Rice,joseangel.rice5@libero.it,+33 (0)3 82 06 73 83,Alemania,Málaga,social,2024-12-16
6,Horst-Dieter,Meucci,horst-dieter.meucci6@tele2.it,+49(0) 428364408,España,Marta,referral,2023-10-30
7,Frédérique,Rousseau,frédérique.rousseau7@web.de,0559624628,Italia,Jean,organic,2023-07-30
8,Nadja,Nelson,nadja.nelson8@hotmail.com,02 58 63 43 51,España,Morin,organic,2024-06-08
9,Lidia,Barnett,lidia.barnett9@gmail.com,+34 871 983 735,España,Freudenstadt,paid_search,2023-12-22
10,Terence,Berger,terence.berger10@virgilio.it,+33 4 73 46 78 54,Francia,Oschatz,organic,2023-11-10
11,Chantal,Soria,chantal.soria11@gmail.com,06093204899,Alemania,Brunet,organic,2023-06-04
12,Hugh,Palmer,hugh.palmer12@yahoo.co.uk,0517772522,España,Pavia Di Udine,paid_search,2025-10-08
13,Amico,Atienza,amico.atienza13@yahoo.com,+44(0)8081570312,Francia,Málaga,email,2026-02-28
14,Alix,Tomas,alix.tomas14@voila.fr,+34986860084,España,San Nicandro Garganico,paid_search,2025-07-08
15,Ani,Colin,ani.colin15@gmail.com,+39 0471398456,Alemania,Mittweida,organic,2024-10-23
16,Gioachino,Hodgson,gioachino.hodgson16@hotmail.com,+34824 66 68 70,Alemania,Ávila,organic,2024-10-09
17,Camille,Imbert,camille.imbert17@hotmail.de,+34 986 033 974,España,Soria,referral,2025-06-19
18,Rotraud,Zarlino,rotraud.zarlino18@gmail.com,+49(0)3926142939,Países Bajos,Rémynec,email,2025-08-18
19,Charlene,Valle,charlene.valle19@aol.de,+34963 159 996,España,Siegen,organic,2024-09-12
20,Lieselotte,Marin,lieselotte.marin20@hotmail.com,0771296193,Alemania,Burgos,paid_search,2026-04-26
21,Michèle,Cox,michèle.cox21@gmx.de,+34824 047 541,España,East Sharonmouth,paid_search,2024-12-21
22,Angelina,Pizzamano,angelina.pizzamano22@gmail.com,+34 926 81 99 56,España,La Rioja,referral,2023-06-01
23,Renée,Herrero,renée.herrero23@hotmail.com,+4429 2018622,España,Großenhain,social,2025-08-03
24,William,Diego,william.diego24@bouygtel.fr,0699154379,España,Colonia Di Anzio,paid_search,2023-03-19
25,Franck,Rogers,franck.rogers25@dbmail.com,3905756925,Francia,Schmitt,organic,2025-01-25
26,Timothée,Wähner,timothée.wähner26@orange.fr,0465193982,Países Bajos,Cinquecerri,social,2023-06-07
27,Mathilde,Williams,mathilde.williams27@yahoo.de,+34946724342,Portugal,Legranddan,email,2023-07-04
28,Sante,Piccio,sante.piccio28@hotmail.com,+33 (0)4 93 89 11 35,Alemania,New Leahfurt,referral,2026-05-01
29,Wally,Gautier,wally.gautier29@gmail.com,+49(0) 888993756,España,Blot-sur-Charrier,organic,2025-02-26
30,Leigh,Tolosa,leigh.tolosa30@yahoo.com,+33 (0)2 49 25 45 73,España,Valloriate,paid_search,2026-04-03
31,Willy,Ríos,willy.ríos31@dbmail.com,+34 901010512,Francia,New Sam,organic,2023-03-26
32,Brunhilde,Pinto,brunhilde.pinto32@yahoo.co.uk,+44(0)1164960660,Italia,Parete,paid_search,2026-03-16
33,Jeanne,Perrier,jeanne.perrier33@hotmail.com,(0117) 4960419,España,Huesca,paid_search,2024-01-21
34,Hans-Rainer,Noël,hans-rainer.noël34@web.de,0533969155,España,Giraud-sur-Maillet,email,2026-05-24
35,Slavica,Brenna,slavica.brenna35@hotmail.com,+34879412528,España,Godard-les-Bains,referral,2025-10-23
36,Oreste,Lemoine,oreste.lemoine36@free.fr,+39 0832422570,Italia,Leclercq,organic,2023-05-07
37,Gabrielle,Taliani,gabrielle.taliani37@tiscali.fr,07 52 19 03 40,España,Pirmasens,email,2023-07-31
38,Gunnar,Moreno,gunnar.moreno38@wanadoo.fr,+34 828 48 58 07,Alemania,Cadunea,social,2023-06-22
39,François,Jordan,françois.jordan39@yahoo.com,01713395962,Italia,Mellaun,organic,2023-12-20
40,Russell,Orozco,russell.orozco40@fastwebnet.it,+39 057144948,Francia,Sainte Marcelle,organic,2024-05-22
41,Rita,Smith,rita.smith41@yahoo.de,03069990672,Portugal,San Giovanni Di Baiano,social,2025-06-18
42,Alexandria,Sanchez,alexandria.sanchez42@yahoo.com,3625775905,España,Castellón,organic,2025-12-06
43,Valérie,Hughes,valérie.hughes43@yahoo.de,08929750017,España,Cáceres,paid_search,2023-11-22
44,Cécile,Roman,cécile.roman44@outlook.com,+44(0)909 879 0424,Alemania,Córdoba,social,2025-02-02
45,Ramiro,Barnett,ramiro.barnett45@web.de,0151 4960110,Portugal,Hamiltonshire,paid_search,2025-03-04
46,Maureen,Petit,maureen.petit46@hotmail.com,+49(0)6271 361115,España,Dessau,social,2024-11-23
47,Philippine,Hart,philippine.hart47@gmail.com,+39 0992753263,Italia,Valladolid,paid_search,2023-04-18
48,Dolores,Marty,dolores.marty48@dbmail.com,(0118) 496 0413,Italia,San Vito Di Altivole,paid_search,2024-11-16
49,Regina,Haering,regina.haering49@tele2.it,+39 348640376,Francia,Guérin-sur-Evrard,paid_search,2024-11-06
50,Poncio,Eigenwillig,poncio.eigenwillig50@noos.fr,02710 91043,España,Zamora,organic,2026-02-16
51,Corinne,Schottin,corinne.schottin51@gmail.com,02 30 88 92 41,España,Oranienburg,social,2024-08-04
52,Dean,Molesini,dean.molesini52@hotmail.fr,0303161799,España,Sevilla,paid_search,2026-05-19
53,Trevor,Cervantes,trevor.cervantes53@gmail.com,0389252410,Portugal,Guben,organic,2024-11-13
54,Azeglio,Trub,azeglio.trub54@libero.it,04 93 07 92 52,Francia,Rochlitz,social,2026-04-08
55,Javier,Acerbi,javier.acerbi55@gmail.com,+44(0)1134960756,España,Port Alan,organic,2024-12-17
56,Ninetta,Hubert,ninetta.hubert56@gmail.com,0422195180,España,Port Georgia,organic,2025-03-13
57,Salvador,Sola,salvador.sola57@yahoo.de,01870534949,Portugal,Chanfort,email,2026-05-03
58,Janice,Hayes,janice.hayes58@voila.fr,+44191 496 0505,Alemania,Valencia,email,2024-09-26
59,Edwin,Hill,edwin.hill59@yahoo.co.uk,+33 (0)2 72 41 03 86,Italia,Wolfratshausen,organic,2025-02-10
60,Custodia,Vega,custodia.vega60@outlook.com,+33 (0)1 82 62 34 45,Portugal,Prévost,paid_search,2024-11-03
61,Richard,Tucker,richard.tucker61@yahoo.com,+39 03731277513,Italia,Barthelemy,email,2025-12-14
62,Monica,Botella,monica.botella62@outlook.com,(00352) 135680,España,Eisenach,organic,2025-05-17
63,Sandalio,Berthelot,sandalio.berthelot63@tiscali.it,+34974 12 10 03,España,Port Joanne,paid_search,2025-01-11
64,Heidelinde,Jove,heidelinde.jove64@gmail.com,+34872721510,Italia,Saint Henriette,email,2025-01-12
65,Valentine,Mahe,valentine.mahe65@yahoo.com,+33 4 90 32 44 72,España,Segovia,paid_search,2024-01-05
66,Alexandra,Dias,alexandra.dias66@gmail.com,+34886626383,Francia,Boccadifalco,organic,2024-11-30
67,Sabine,Naser,sabine.naser67@live.com,(08564) 205930,España,Nabburg,paid_search,2024-01-29
68,Micheletto,Giannini,micheletto.giannini68@gmail.com,029 2018 0348,Portugal,Ourense,paid_search,2023-10-09
69,Adrienne,Noble,adrienne.noble69@poste.it,(00599) 293784,Francia,Thomaston,social,2023-06-08
70,Mandy,Brown,mandy.brown70@voila.fr,(03252) 500292,Francia,Asturias,referral,2023-07-27
71,Ida,Coste,ida.coste71@yahoo.com,02267528953,Países Bajos,Zaccheo,organic,2026-01-10
72,Thibault,Eckbauer,thibault.eckbauer72@outlook.com,+34943902959,Francia,South Patrickmouth,paid_search,2023-03-19
73,Jordán,Juncken,jordán.juncken73@outlook.com,+34 923704331,España,Bützow,organic,2026-06-19
74,Atilio,Navarro,atilio.navarro74@free.fr,05 18 58 61 79,Alemania,South Liam,paid_search,2026-05-08
75,Macario,Montalbán,macario.montalbán75@aol.de,+34 924 26 21 81,España,Vilsbiburg,organic,2023-11-12
76,Tomás,Jenkins,tomás.jenkins76@free.fr,+34 826533688,Portugal,Hammelburg,organic,2024-01-06
77,Lewis,Pozo,lewis.pozo77@hotmail.it,+33 1 78 50 61 49,España,Pereira,paid_search,2023-12-06
78,Hilario,Dawson,hilario.dawson78@yahoo.com,+34902 677 418,Países Bajos,Lemaître,organic,2023-03-31
79,Alexandrie,Williams,alexandrie.williams79@googlemail.com,0369490211,Alemania,Wurzen,social,2025-01-16
80,Gianluigi,Bignardi,gianluigi.bignardi80@wanadoo.fr,03 75 74 16 08,España,Cadorago,social,2025-06-28
81,Marita,Giraud,marita.giraud81@yahoo.com,+441154960061,Francia,Techer,social,2024-08-06
82,Marilyn,Juncken,marilyn.juncken82@gmail.com,04 75 48 70 99,Alemania,Campeglio,paid_search,2024-04-24
83,Severino,Kennedy,severino.kennedy83@yahoo.com,+34 827 914 856,España,Starnberg,email,2024-05-04
84,Henriette,Serraglio,henriette.serraglio84@gmail.com,0299606530,España,Guichard,organic,2025-08-18
85,Nicolás,Jockel,nicolás.jockel85@yahoo.de,+33 (0)3 70 24 75 46,España,Paradigna,social,2025-01-23
86,Angela,Johnston,angela.johnston86@tiscali.fr,3773082142,Alemania,Port Marc,organic,2025-06-21
87,Josep,Sastre,josep.sastre87@yahoo.com,+44(0)118 4960578,Francia,Saint Olivierboeuf,organic,2024-07-31
88,Jeannine,Schmitt,jeannine.schmitt88@live.com,+49 (0) 4140 602933,Alemania,West Naomi,organic,2025-10-26
89,Denise,Agullo,denise.agullo89@laposte.net,+44(0)20 7496 0034,Alemania,Treppo Carnico,paid_search,2025-05-07
90,Sigmund,Lévêque,sigmund.lévêque90@bouygtel.fr,+44(0)1514960489,Portugal,Henry-sur-Robert,organic,2024-02-13
91,Francesca,Rörricht,francesca.rörricht91@tele2.it,+49(0)1715 45444,España,New Cameron,organic,2023-10-11
92,Noa,Piovani,noa.piovani92@web.de,(01632) 960074,Portugal,Luckenwalde,email,2023-04-17
93,Nathalie,Falcó,nathalie.falcó93@web.de,+4429 2018875,España,Fellegara,social,2025-09-11
94,Sylvia,Fabbri,sylvia.fabbri94@aol.de,+33 3 89 82 51 35,Italia,Emilymouth,paid_search,2026-02-09
95,Johann,Majewski,johann.majewski95@yahoo.fr,+33 (0)2 19 73 81 68,Francia,Bamberg,organic,2025-11-22
96,Ashley,Ward,ashley.ward96@outlook.com,+441214960217,España,Helmstedt,email,2024-08-06
97,Adalberto,Paris,adalberto.paris97@yahoo.com,+39 08321296666,Portugal,Murcia,social,2023-11-25
98,Karen,Montserrat,karen.montserrat98@virgilio.it,+34633542168,España,Pieve San Paolo,paid_search,2025-07-09
99,Gary,Martí,gary.martí99@googlemail.com,0773257530,Alemania,Lake Wayne,email,2023-10-29
100,Daniel,Tiepolo,daniel.tiepolo100@gmail.com,(00648) 90901,Portugal,Tarragona,social,2023-07-07
101,Sigfrido,Gillet,sigfrido.gillet101@hotmail.com,02304 618499,Alemania,Burkeville,organic,2025-07-12
102,Liana,Casagrande,liana.casagrande102@aol.de,+34980 39 34 83,España,Hamburg,email,2023-02-24
103,Simon,Tamburello,simon.tamburello103@outlook.com,0375001197,Alemania,Port Deniseland,organic,2023-04-20
104,Verónica,Seifert,verónica.seifert104@yahoo.co.uk,+49(0)7012 04556,España,Valladolid,social,2025-10-25
105,Agapito,Adams,agapito.adams105@hotmail.com,09415 521667,España,Tübingen,organic,2024-04-27
106,Susanne,Delahaye,susanne.delahaye106@gmail.com,+44(0)29 2018021,Francia,Guillet-sur-Colas,social,2023-06-17
107,Jules,Parisi,jules.parisi107@hotmail.de,+34 842771670,Alemania,Segovia,organic,2024-04-04
108,Aleksandr,Zetticci,aleksandr.zetticci108@outlook.com,08916 37562,Alemania,Croce Valanidi,organic,2024-10-14
109,Fernanda,Lowe,fernanda.lowe109@tiscali.fr,+44114 4960753,España,Badibling,social,2024-11-17
110,Gianfranco,Pareto,gianfranco.pareto110@orange.fr,+34 974 79 71 77,Alemania,Nordhausen,email,2023-10-09
111,Cristian,Pasquier,cristian.pasquier111@hotmail.com,+39 3793199485,Alemania,Gardelegen,paid_search,2024-08-10
112,Vincent,Serraglio,vincent.serraglio112@web.de,+33 (0)2 37 30 55 48,España,Minori,paid_search,2023-10-12
113,Artemio,Hughes,artemio.hughes113@yahoo.fr,(03316) 373516,España,Vizcaya,organic,2025-07-07
114,Céline,Terragni,céline.terragni114@yahoo.co.uk,+34986 086 978,Países Bajos,Lake Scott,paid_search,2023-01-11
115,Roldán,Milanesi,roldán.milanesi115@gmail.com,+33 4 26 65 47 22,Portugal,Bonnin-sur-Bouvet,social,2023-02-08
116,Leonardo,Mazzini,leonardo.mazzini116@virgilio.it,(0117)4960945,Italia,New Joanna,paid_search,2024-03-17
117,Ingeborg,Ortuño,ingeborg.ortuño117@live.com,3378460812,Alemania,Cantabria,paid_search,2026-01-28
118,Karolin,Robinson,karolin.robinson118@gmail.com,+34 900 38 05 71,España,Graveglia,social,2025-12-16
119,Ottavio,Lewis,ottavio.lewis119@web.de,+34 942 665 800,España,Schweinfurt,organic,2023-08-16
120,Véronique,Walker,véronique.walker120@yahoo.de,+39 327347212,Alemania,Sainte Roger,organic,2024-05-01
121,Giustino,Walsh,giustino.walsh121@aol.de,02025 909479,Portugal,Castelletto D'Erro,referral,2023-09-07
122,Miguela,Putz,miguela.putz122@yahoo.com,+39 3558268863,Portugal,Mohamedstad,paid_search,2024-05-03
123,Heinz-Jürgen,Turchetta,heinz-jürgen.turchetta123@voila.fr,+34 925 739 930,España,Celle,referral,2026-06-29
124,Pierre,Longhena,pierre.longhena124@hotmail.com,08770 43581,Francia,Vizcaya,referral,2023-05-09
125,Vittorio,Bastida,vittorio.bastida125@outlook.com,(0909)8790613,Países Bajos,Sacca Fisola,email,2025-10-20
126,Margarita,Brown,margarita.brown126@aol.de,+34821 024 819,España,Janefurt,paid_search,2026-01-02
127,Louise,Lesage,louise.lesage127@aol.de,+33 (0)1 40 91 90 15,Portugal,Brignola,paid_search,2025-11-21
128,Lilly,auch Schlauchin,lilly.auchschlauchin128@yahoo.com,05 40 07 28 32,España,Collet-les-Bains,paid_search,2024-05-10
129,Gülten,Atzler,gülten.atzler129@hotmail.it,+44115 4960009,Portugal,Piano Di Mommio,social,2024-08-19
130,Allegra,Mayol,allegra.mayol130@outlook.com,+49(0) 682223943,Alemania,Sevilla,organic,2023-01-04
131,Serena,Serra,serena.serra131@libero.it,(01413) 97552,Alemania,West Jasmineland,referral,2024-12-23
132,Elliott,Lebreton,elliott.lebreton132@hotmail.de,(02995) 562053,España,Whitestad,paid_search,2026-03-14
133,Josephine,Naser,josephine.naser133@tele2.fr,+49(0)7812 91428,Portugal,Kayleighland,social,2024-01-19
134,Tecla,Vendrell,tecla.vendrell134@hotmail.com,32393084826,Alemania,Aaronmouth,social,2025-12-08
135,Tullio,Puente,tullio.puente135@hotmail.de,+34879928272,Francia,Lake Pamela,organic,2023-05-19
136,Arthur,Carter,arthur.carter136@gmail.com,03038567700,Italia,Vilsbiburg,email,2026-01-19
137,Emma,Weihmann,emma.weihmann137@hotmail.de,+39 0665918465,Portugal,Neunburg vorm Wald,referral,2025-11-05
138,Adriano,Cignaroli,adriano.cignaroli138@free.fr,+44114 4960843,Francia,East Linda,paid_search,2023-02-11
139,Letizia,Grau,letizia.grau139@dbmail.com,+34 978773926,Italia,Alicante,social,2025-08-20
140,Marion,Curiel,marion.curiel140@outlook.com,+39 3505920249,Alemania,Zafferana Etnea,email,2025-03-03
141,Trude,Gascón,trude.gascón141@tiscali.fr,+33 3 66 69 29 29,Portugal,Villa Del Foro,paid_search,2024-06-03
142,Joyce,Metz,joyce.metz142@yahoo.com,+34 878662103,Francia,Correggioli,organic,2025-01-01
143,Valérie,Butler,valérie.butler143@yahoo.co.uk,+39 379188117,Alemania,De Oliveiraboeuf,organic,2024-12-07
144,José,Respighi,josé.respighi144@yahoo.co.uk,0238624731,Francia,Grevenbroich,paid_search,2023-08-01
145,Christopher,Yáñez,christopher.yáñez145@hotmail.com,+34 941 356 512,España,Fleury-sur-Bertin,social,2024-11-11
146,Piersanti,Ossola,piersanti.ossola146@fastwebnet.it,+33 5 57 88 72 58,España,Altolia,organic,2023-04-01
147,Leonhard,Murialdo,leonhard.murialdo147@laposte.net,+34 878721386,Italia,Ebersberg,paid_search,2026-01-23
148,Luce,Bou,luce.bou148@yahoo.co.uk,0321143516,España,Carmignanello,paid_search,2023-12-25
149,Arturo,Hart,arturo.hart149@voila.fr,0909 8790843,Italia,Salamanca,organic,2025-09-07
150,Frances,Palomares,frances.palomares150@outlook.com,+34846 14 65 66,Alemania,Roccasecca Stazione,organic,2024-01-09
151,Alberto,Bosch,alberto.bosch151@vodafone.it,0578439379,España,Ludwigsburg,paid_search,2023-05-10
152,Coriolano,Bonolis,coriolano.bonolis152@vodafone.it,+49(0)8489 476973,Francia,Tecklenburg,social,2023-03-17
153,Jacqueline,Toledo,jacqueline.toledo153@yahoo.com,+34 942335658,Alemania,Agropoli Stazione,referral,2024-02-17
154,Iwan,Davids,iwan.davids154@dbmail.com,+34 857 55 39 42,Francia,Prattbury,paid_search,2024-02-13
155,Arthur,Wilson,arthur.wilson155@hotmail.co.uk,+49 (0) 1117 908075,Italia,Breganze,organic,2024-10-08
156,Hortense,Noack,hortense.noack156@hotmail.co.uk,0392086780,Francia,Arena,organic,2025-11-21
157,Marianne,Murphy,marianne.murphy157@hotmail.com,0565003695,España,Roccacinquemiglia,referral,2026-01-17
158,Lorraine,Hellwig,lorraine.hellwig158@googlemail.com,05872763654,Italia,Masse,social,2024-06-02
159,Beverley,Bradley,beverley.bradley159@yahoo.de,+44(0)191 4960663,Francia,South John,organic,2024-01-27
160,Emily,Lucas,emily.lucas160@hotmail.it,04489 061203,España,Seelow,organic,2025-01-01
161,Vinicio,Heß,vinicio.heß161@gmx.de,057806159,Francia,Hildesheim,social,2024-11-10
162,Sergius,Chevalier,sergius.chevalier162@club-internet.fr,+33 3 21 56 99 61,Alemania,Guipúzcoa,organic,2023-09-12
163,Terry,Söding,terry.söding163@web.de,(06475) 987622,Países Bajos,Toledo,social,2025-06-13
164,Irene,Weimer,irene.weimer164@gmail.com,(0141)4960111,Alemania,VincentVille,social,2025-06-19
165,Édith,Calleja,édith.calleja165@hotmail.de,+44(0)114 496 0643,Francia,Angelaberg,organic,2024-11-25
166,Kerry,Day,kerry.day166@yahoo.de,07848 728299,Francia,Gay-sur-Hardy,social,2025-10-13
167,Lodovico,Nerger,lodovico.nerger167@tiscali.it,+34 971 45 64 24,España,Melilla,organic,2025-01-22
168,Leigh,Möchlichen,leigh.möchlichen168@libero.it,04 57 06 49 30,España,Montevettolini,organic,2024-06-30
169,Victoria,Romano,victoria.romano169@orange.fr,(01632) 960 663,Portugal,Lüneburg,social,2025-05-19
170,Georgia,Lancisi,georgia.lancisi170@web.de,0736312249,Francia,Bonnin,organic,2025-05-31
171,Silvestro,Potter,silvestro.potter171@gmail.com,+39 042214427,Francia,Álava,paid_search,2024-01-05
172,Martin,Linke,martin.linke172@yahoo.de,0636051204,España,Sainte Jules-sur-Mer,paid_search,2024-08-24
173,Margot,Richard,margot.richard173@hotmail.com,01414960730,Francia,Newmanville,social,2023-07-30
174,Gabriella,Jones,gabriella.jones174@gmx.de,(028)9018088,Alemania,Lugo,organic,2024-11-02
175,Hans-Ulrich,Birnbaum,hans-ulrich.birnbaum175@gmail.com,+4428 9018 0650,Francia,Fionaville,social,2024-09-19
176,Sophie,Bailey,sophie.bailey176@hotmail.com,+33 5 08 13 27 19,Francia,Beeskow,email,2026-05-19
177,Frauke,Harrison,frauke.harrison177@gmail.com,+33 4 71 85 73 06,Alemania,Gransee,organic,2023-12-08
178,Amada,Vaillant,amada.vaillant178@hotmail.de,+33 3 44 85 57 49,España,San Vittore Olona,social,2024-12-20
179,Bernarda,Patterson,bernarda.patterson179@hotmail.de,00862 095935,España,Cantabria,social,2023-03-28
180,Giuliana,Gosselin,giuliana.gosselin180@tin.it,057165118,Portugal,Port Ryan,paid_search,2026-06-13
181,Kenneth,Olivier,kenneth.olivier181@gmail.com,3337899403,Francia,Segovia,social,2024-07-16
182,Victoire,Solé,victoire.solé182@yahoo.com,377350948,Francia,Fürstenfeldbruck,paid_search,2023-04-28
183,Cipriano,Guardia,cipriano.guardia183@gmail.com,0117 4960839,Portugal,Morrisshire,paid_search,2025-04-11
184,Gundula,Boutin,gundula.boutin184@yahoo.fr,+44(0)306 9990286,Países Bajos,Valsorda,referral,2025-11-16
185,Eleanor,Ruberto,eleanor.ruberto185@gmx.de,353456659,España,Vallet-la-Forêt,organic,2023-03-05
186,Viola,Pons,viola.pons186@voila.fr,+34887 908 240,España,Fulda,organic,2026-05-29
187,Anastasios,Röhrdanz,anastasios.röhrdanz187@hotmail.it,+39 0324075225,España,Cliffordland,social,2023-03-13
188,Pasqual,Gaiatto,pasqual.gaiatto188@hotmail.com,02791 940961,España,Huelva,paid_search,2023-05-18
189,Arnaude,González,arnaude.gonzález189@libero.it,+33 (0)4 65 80 58 92,Italia,Döbeln,organic,2025-01-20
190,Ignacia,Cohen,ignacia.cohen190@yahoo.com,+39 04386462219,Italia,Córdoba,organic,2025-02-23
191,Sabas,Rizzo,sabas.rizzo191@yahoo.com,+33 7 46 93 89 83,España,West Sharonmouth,social,2023-03-08
192,Camillo,Riba,camillo.riba192@live.com,+49(0) 559042597,Alemania,Carinola,email,2023-11-11
193,Benjamin,Ryan,benjamin.ryan193@gmail.com,+34 828039240,Alemania,Havelberg,email,2025-01-29
194,Charlotte,Mármol,charlotte.mármol194@outlook.com,+39 042988487,España,Dupré-sur-Laine,organic,2025-06-28
195,José Mari,Howard,josémari.howard195@outlook.com,0171701641,Italia,Gelnhausen,email,2026-03-21
196,Danielle,Moles,danielle.moles196@hotmail.fr,01174960878,Países Bajos,Ciudad,paid_search,2025-12-20
197,Liberto,Niemeier,liberto.niemeier197@free.fr,+34 925554384,Francia,Jaén,social,2025-03-26
198,Catalina,Hecker,catalina.hecker198@hotmail.com,+33 2 32 68 93 63,España,Giano Dell'Umbria,referral,2024-07-24
199,Thierry,Moneta,thierry.moneta199@laposte.net,+44(0)289018298,Portugal,West Charlene,paid_search,2023-08-21
200,Durante,Pires,durante.pires200@outlook.com,+39 0566188122,Italia,Lörrach,social,2024-01-17
201,Thorsten,Flantz,thorsten.flantz201@gmail.com,+44(0)1164960099,España,Sankt Goar,referral,2025-11-26
202,Dale,Palomar,dale.palomar202@hotmail.com,+33 6 45 26 77 22,Francia,North Michelle,email,2026-02-24
203,Ángela,Lehmann,ángela.lehmann203@outlook.com,0306 9990312,España,Camus-sur-Lagarde,email,2024-06-20
204,Nuray,Hoarau,nuray.hoarau204@ifrance.com,+34941 56 99 98,Francia,San Marco La Catola,organic,2025-07-02
205,Corrado,Pineau,corrado.pineau205@gmail.com,34508680374,Portugal,Eggenfelden,organic,2026-06-07
206,Théodore,Berrè,théodore.berrè206@tin.it,02 34 81 29 82,España,Bretondan,referral,2025-10-02
207,Gastón,Maury,gastón.maury207@yahoo.co.uk,+34881521117,Países Bajos,Pasewalk,paid_search,2023-09-09
208,Nathalie,Curatoli,nathalie.curatoli208@ifrance.com,+34 849 592 222,Alemania,Granada,paid_search,2023-06-01
209,Janett,Hervé,janett.hervé209@gmail.com,(0117) 496 0094,España,Madrid,paid_search,2023-12-20
210,Émilie,Uriarte,émilie.uriarte210@yahoo.com,078367199,Alemania,Carnate,social,2023-06-29
211,Eliana,Foletti,eliana.foletti211@gmail.com,01144960502,Italia,Guipúzcoa,email,2024-12-12
212,Augusto,Riera,augusto.riera212@yahoo.com,(09982) 795014,España,Konstanz,paid_search,2026-01-31
213,Marta,Dias,marta.dias213@yahoo.com,+33 2 52 45 86 83,España,North Alexandrahaven,paid_search,2024-08-17
214,Alondra,Luna,alondra.luna214@dbmail.com,09952 99787,Francia,Bourdon,email,2023-11-19
215,Lindsey,Gude,lindsey.gude215@gmail.com,+34 975 13 96 60,Francia,Recklinghausen,organic,2023-12-23
216,Mark,Marshall,mark.marshall216@yahoo.de,+34902 488 501,España,Lemgo,social,2025-11-07
217,Dina,Echevarría,dina.echevarría217@hotmail.com,(07702) 72785,Alemania,BernierVille,organic,2023-09-06
218,Leonardo,Mennea,leonardo.mennea218@hotmail.it,+34874 955 124,España,Jaén,social,2023-10-12
219,Rosaria,Tyler,rosaria.tyler219@free.fr,+39 3756450463,España,Hannoversch Münden,email,2025-10-08
220,Judith,Gertz,judith.gertz220@yahoo.com,+34 873 17 80 78,Alemania,West Pamela,organic,2025-01-09
221,Lodovico,Fechner,lodovico.fechner221@hotmail.com,(0117) 4960076,España,Ganzanigo,referral,2026-03-18
222,María,Bonet,maría.bonet222@googlemail.com,+34826 840 943,Francia,Euskirchen,paid_search,2025-08-15
223,Karl-Ernst,Meucci,karl-ernst.meucci223@yahoo.fr,+49 (0) 2410 988138,Italia,Gräfenhainichen,referral,2023-09-23
224,Geraldine,Ruppersberger,geraldine.ruppersberger224@yahoo.com,+34 919 587 020,Países Bajos,Saint Alice,social,2023-06-26
225,Chema,Michaud,chema.michaud225@outlook.com,0984545389,Francia,Port Ameliamouth,organic,2024-09-25
226,Xavier,Stolze,xavier.stolze226@tiscali.fr,+44(0)117 496 0294,Italia,Emmendingen,paid_search,2025-09-07
227,Lioba,Metz,lioba.metz227@voila.fr,+34 977 157 724,Francia,Olpe,referral,2025-04-21
228,Santiago,Moreno,santiago.moreno228@libero.it,07696 39382,España,Françoisboeuf,paid_search,2026-03-23
229,Annette,Ricciardi,annette.ricciardi229@dbmail.com,+39 0401971995,España,Le Gall,paid_search,2023-09-14
230,Daniel,Canova,daniel.canova230@gmail.com,00132 902278,España,Schwandorf,organic,2023-06-01
231,Riccardo,Martin,riccardo.martin231@gmx.de,37806519020,España,Aachen,social,2025-08-12
232,Pina,Dörschner,pina.dörschner232@yahoo.de,+34 879 696 566,Alemania,Morvan-sur-Mer,social,2024-12-06
233,Alice,Kay,alice.kay233@live.com,+33 4 42 22 01 02,Países Bajos,DufourBourg,paid_search,2026-02-03
234,Jemma,Pineau,jemma.pineau234@gmail.com,+39 0783868763,España,Robert-sur-Verdier,email,2026-04-18
235,Camille,Ellis,camille.ellis235@googlemail.com,0150975191,España,Buscemi,referral,2023-09-22
236,Diane,Zabala,diane.zabala236@libero.it,0161 496 0189,España,Illertissen,referral,2025-10-26
237,Melania,Somoza,melania.somoza237@wanadoo.fr,0562544209,España,Beilngries,email,2023-09-12
238,Inès,Allen,inès.allen238@yahoo.de,+39 0543712814,Francia,Cissone,referral,2023-11-10
239,Nadja,Austermühle,nadja.austermühle239@hotmail.com,+4420 74960275,España,Bethbury,paid_search,2023-12-04
240,Jules,Balla,jules.balla240@aol.de,+442074960276,Países Bajos,Peltier,paid_search,2024-10-22
241,Monique,Kelly,monique.kelly241@aol.de,+49(0)0276 747836,Alemania,Charles-les-Bains,social,2024-12-09
242,Susanna,Richard,susanna.richard242@yahoo.de,04 70 80 18 56,Francia,Santa Domenica Ricadi,social,2024-08-04
243,Jurij,Dippel,jurij.dippel243@web.de,0789393858,Alemania,Asturias,referral,2024-05-28
244,Sergio,Zapata,sergio.zapata244@hotmail.com,0366443009,España,Pontevedra,organic,2026-02-02
245,June,Carretero,june.carretero245@hotmail.com,0141 496 0921,Países Bajos,Billymouth,email,2023-09-14
246,Feliciana,Baron,feliciana.baron246@dbmail.com,+49 (0) 1406 650442,Francia,Sainte Lucnec,social,2024-09-12
247,Leah,Nicolas,leah.nicolas247@hotmail.co.uk,+33 2 44 74 10 11,España,Polcanto,organic,2025-12-28
248,Alfred,Gérard,alfred.gérard248@gmail.com,0285569087,Francia,AntoineBourg,paid_search,2025-10-26
249,Gianluca,Planas,gianluca.planas249@yahoo.fr,05744601514,Alemania,New Simon,organic,2023-12-12
250,Margaud,Burns,margaud.burns250@yahoo.fr,01732 030937,Países Bajos,Sainte Colettedan,referral,2026-04-04
251,Angelino,Blümel,angelino.blümel251@yahoo.de,+34 946138782,Alemania,Casore Del Monte,paid_search,2023-12-17
252,Angelino,Jones,angelino.jones252@yahoo.com,+39 0481202049,España,Port Kennethville,email,2026-05-24
253,Jeannine,Galuppi,jeannine.galuppi253@gmail.com,0547519825,Alemania,New Kylemouth,organic,2026-02-28
254,Dionisio,Faust,dionisio.faust254@free.fr,02739 02196,Portugal,South Jonathantown,email,2023-02-28
255,Gastón,Luz,gastón.luz255@tiscali.fr,(0117) 4960248,Portugal,Dupuis-les-Bains,social,2023-04-04
256,Greca,Escolano,greca.escolano256@hotmail.fr,06083318195,Alemania,Fontanile,paid_search,2026-03-27
257,Pénélope,White,pénélope.white257@gmail.com,+4429 2018772,Portugal,North Leahstad,email,2024-03-07
258,Hassan,Deschamps,hassan.deschamps258@hotmail.de,+33 (0)2 43 08 22 07,España,Galatro,organic,2025-05-03
259,Teresa,Atkinson,teresa.atkinson259@yahoo.com,0353153136,Francia,Ballland,email,2023-03-04
260,Isabelle,Vincent,isabelle.vincent260@laposte.net,028 9018 0726,Países Bajos,Miltenberg,organic,2026-01-22
261,Julia,Hiller,julia.hiller261@hotmail.com,+441134960904,Alemania,Port Nataliemouth,paid_search,2024-09-10
262,Jean,Hartmann,jean.hartmann262@hotmail.de,+44(0)306 9990929,Países Bajos,Castelveccana,email,2024-05-16
263,Sergio,Stefanelli,sergio.stefanelli263@hotmail.co.uk,04 30 06 33 56,Italia,Puia,paid_search,2024-09-01
264,Enzio,Agostini,enzio.agostini264@gmail.com,+34 976806867,Francia,Madrid,organic,2023-05-30
265,Jake,Anastasi,jake.anastasi265@sfr.fr,+44131 4960431,España,Sevilla,email,2023-11-20
266,Gotthard,Masse,gotthard.masse266@libero.it,02 62 62 57 01,Italia,Laporte,referral,2025-05-01
267,Manu,Chrétien,manu.chrétien267@web.de,+39 355195085,Países Bajos,Turpin,paid_search,2025-08-09
268,Annibale,Kobelt,annibale.kobelt268@outlook.com,+39 0923325389,Italia,West Jay,referral,2024-11-27
269,Almuth,Baron,almuth.baron269@gmail.com,07788178847,Italia,Molteno,organic,2023-10-22
270,Godofredo,Fernandez,godofredo.fernandez270@yahoo.com,0121 4960112,Francia,Uffenheim,organic,2024-10-15
271,Jean,Gardiner,jean.gardiner271@libero.it,0827567043,Países Bajos,Zaragoza,social,2025-03-27
272,Maria,Langern,maria.langern272@poste.it,09887 749242,España,Neuruppin,social,2025-01-28
273,Wilfriede,Winkler,wilfriede.winkler273@gmail.com,+49(0)7292 84222,Alemania,North Luke,paid_search,2026-02-24
274,Christiane,Williams,christiane.williams274@gmail.com,+44(0)1914960055,España,Lucyside,social,2024-10-15
275,Eleanor,Eberhardt,eleanor.eberhardt275@yahoo.com,+33 6 33 52 08 85,Francia,Hainichen,social,2025-08-13
276,Gelsomina,Roberts,gelsomina.roberts276@dbmail.com,+34977028140,Francia,Vasseur-sur-Cohen,email,2024-07-01
277,Dittmar,Blümel,dittmar.blümel277@virgilio.it,+39 3294301873,Alemania,Marion,paid_search,2024-05-22
278,Tullio,Paniagua,tullio.paniagua278@laposte.net,0532504554,Portugal,Fernandez-sur-Mer,paid_search,2023-07-18
279,Nicole,Pichon,nicole.pichon279@gmail.com,02 69 99 12 34,España,DanielBourg,organic,2024-08-17
280,Maria,Blanc,maria.blanc280@yahoo.com,0287923264,Italia,Piavola,social,2026-06-14
281,Pacífica,Sauer,pacífica.sauer281@googlemail.com,04440024416,Alemania,Walkerbury,organic,2024-05-23
282,Dimas,Nohlmans,dimas.nohlmans282@hotmail.com,(07964) 715890,España,Rostock,organic,2024-11-01
283,Esteban,Misicher,esteban.misicher283@hotmail.com,0114 4960456,Francia,Hainichen,social,2024-10-02
284,Annerose,Vilaplana,annerose.vilaplana284@outlook.com,(0306) 999 0192,Francia,Branzoll,paid_search,2023-11-23
285,Marika,Hiller,marika.hiller285@aol.de,37732028475,Portugal,East Deanhaven,paid_search,2025-11-20
286,Roy,Trincavelli,roy.trincavelli286@hotmail.it,+34 948711207,Francia,Tübingen,email,2025-10-18
287,Fredi,Godard,fredi.godard287@poste.it,01632 960401,Francia,Port Annette,social,2025-10-15
288,Charlene,Brookes,charlene.brookes288@yahoo.com,+34949 110 760,Portugal,North Katyhaven,referral,2023-07-04
289,Atenulf,Lemaire,atenulf.lemaire289@aol.de,+34 901 01 19 39,España,Lake Bruce,referral,2025-11-01
290,Cipriano,Baker,cipriano.baker290@hotmail.de,02893891190,Francia,San Bonifacio,organic,2024-05-08
291,Lawrence,Poole,lawrence.poole291@libero.it,+34875 875 927,Francia,Huelva,referral,2026-04-09
292,Audrey,Lewis,audrey.lewis292@yahoo.fr,+49(0)7182 754801,Francia,Chemnitz,paid_search,2023-04-10
293,Roland,Brunel,roland.brunel293@web.de,+33 5 54 46 31 75,Alemania,Lake Abigailville,organic,2024-07-30
294,Brigitte,Bresciani,brigitte.bresciani294@gmail.com,02 41 21 53 53,España,Civitella,organic,2026-05-08
295,Joan,Pages,joan.pages295@bouygtel.fr,38365796721,España,Madrid,organic,2025-08-21
296,Nicolas,Holland,nicolas.holland296@gmail.com,+33 (0)3 27 69 52 49,España,San Pietro Capofiume,social,2026-01-04
297,Gertrudis,Surian,gertrudis.surian297@sfr.fr,(07784) 85880,España,Baleares,paid_search,2023-08-09
298,Catherine,Kohl,catherine.kohl298@tele2.fr,+34742 842 762,Portugal,Neustadt am Rübenberge,paid_search,2023-10-02
299,Cloe,Delmas,cloe.delmas299@hotmail.it,08182806499,Alemania,Hettstedt,organic,2025-01-19
300,Amaro,Beccaria,amaro.beccaria300@hotmail.com,(00561) 655650,España,East Eileen,organic,2025-01-19
301,Deborah,Bastida,deborah.bastida301@aol.de,+49 (0) 0850 769864,España,Palencia,organic,2025-03-31
302,Maximiliano,Masse,maximiliano.masse302@dbmail.com,+39 39171357825,España,Mahe,organic,2026-03-13
303,Priscila,Gabba,priscila.gabba303@gmx.de,+34900963919,España,Cuenca,paid_search,2024-02-03
304,Claudia,Siffredi,claudia.siffredi304@sfr.fr,+49(0)4846 853664,España,Olmi,paid_search,2026-02-07
305,Filippo,Villalonga,filippo.villalonga305@hotmail.co.uk,+33 6 38 48 96 90,Francia,Martignana Di Po,social,2023-05-31
306,Vincenzo,Smith,vincenzo.smith306@yahoo.de,04 72 13 64 42,España,Luckenwalde,email,2025-10-29
307,Geoffrey,Lucas,geoffrey.lucas307@hotmail.com,05 86 60 32 42,Alemania,Zamora,organic,2026-01-31
308,Gertraud,Durante,gertraud.durante308@hotmail.com,+33 (0)1 79 15 94 16,Portugal,Lichtenfels,referral,2026-06-30
309,Damian,Vall,damian.vall309@hotmail.com,08611391593,España,Meunier,organic,2023-09-01
310,Gabino,Morgan,gabino.morgan310@noos.fr,(00785) 158673,Italia,Karlsruhe,social,2023-07-18
311,Michelle,Jäntsch,michelle.jäntsch311@hotmail.com,+39 3703034865,España,Montoggio,organic,2025-02-03
312,Amélie,Pozo,amélie.pozo312@gmx.de,+34 879432756,Francia,Ávila,paid_search,2026-02-16
313,Charlotte,Le Roux,charlotte.leroux313@yahoo.fr,+44(0)29 2018481,Alemania,Scheinfeld,paid_search,2023-10-23
314,Loredana,Metz,loredana.metz314@gmail.com,(028)9018720,Francia,Techer,social,2026-05-18
315,Lukas,Bragaglia,lukas.bragaglia315@gmail.com,0191 498 0296,España,Neu-Ulm,organic,2025-04-02
316,Elliot,Holmes,elliot.holmes316@yahoo.de,+49(0) 165266930,Alemania,Ávila,email,2023-03-24
317,Louis,Tintzmann,louis.tintzmann317@gmail.com,03 90 21 52 91,Francia,Vizcaya,paid_search,2023-03-21
318,Valérie,Lemaire,valérie.lemaire318@outlook.com,0117 496 0447,España,Perret,paid_search,2024-11-13
319,Grace,Turner,grace.turner319@web.de,+44(0)1414960262,Francia,Córdoba,organic,2025-11-29
320,Marian,Menard,marian.menard320@hotmail.de,+33 (0)1 42 72 56 36,España,Boucher-sur-Legrand,paid_search,2023-11-02
321,Cecilia,Azorin,cecilia.azorin321@gmail.com,0174048964,España,Payet,paid_search,2025-11-21
322,Ansaldo,Errani,ansaldo.errani322@gmail.com,37605721521,España,Dachau,paid_search,2024-11-02
323,Victoire,Weinhold,victoire.weinhold323@googlemail.com,+49(0)9485 62572,España,S'Arridellu,email,2024-10-14
324,Gonzalo,Holloway,gonzalo.holloway324@gmail.com,0310761707,Alemania,Miltenberg,social,2025-03-15
325,Frédéric,Harvey,frédéric.harvey325@gmail.com,+49 (0) 2849 939089,Italia,Wallbury,paid_search,2024-09-04
326,Margaret,Mulet,margaret.mulet326@yahoo.com,+34 944591520,España,Teruel,paid_search,2024-11-19
327,Cécile,Scheibe,cécile.scheibe327@yahoo.com,+34 973592304,Alemania,Wolfach,social,2025-11-09
328,Carla,Paruta,carla.paruta328@yahoo.com,+49 (0) 3610 326642,Francia,Madrid,organic,2025-09-30
329,Nathalie,Stolze,nathalie.stolze329@tin.it,(01583) 77674,España,Balsorano Nuovo,paid_search,2024-09-05
330,Maristela,Tessier,maristela.tessier330@alice.it,02 35 08 57 32,Alemania,LombardBourg,paid_search,2023-02-04
331,Volkmar,Chevalier,volkmar.chevalier331@club-internet.fr,+441154960438,Francia,Colas,referral,2024-11-09
332,Carmen,Arrieta,carmen.arrieta332@tim.it,0736179459,Alemania,Agums,organic,2025-05-03
333,Manu,Colin,manu.colin333@yahoo.co.uk,+34 823645977,España,Barbarano Vicentino,organic,2024-09-22
334,Waltraut,Kelly,waltraut.kelly334@hotmail.com,3770168001,España,Nichollsfurt,organic,2023-02-24
335,Liliana,Bailly,liliana.bailly335@tele2.it,(06412) 20310,España,East Hayleyberg,organic,2025-08-29
336,Amanda,Federici,amanda.federici336@yahoo.com,+33 6 66 01 22 77,España,Sainte Isabelle,email,2026-03-30
337,Reece,Roskoth,reece.roskoth337@gmail.com,+49(0)1667998407,España,Blanchetdan,paid_search,2024-04-11
338,Benjamin,Antonini,benjamin.antonini338@dbmail.com,+39 05236717970,Francia,Alexfort,referral,2026-04-10
339,Thaddäus,Buckley,thaddäus.buckley339@poste.it,036246657,España,Strasburg,paid_search,2023-12-16
340,Gilles,Ryan,gilles.ryan340@live.com,+34947 74 33 80,Países Bajos,Córdoba,email,2026-06-23
341,Gülsen,Coleman,gülsen.coleman341@libero.it,+34923 619 318,Italia,Smithmouth,organic,2023-10-30
342,Krystyna,Lastra,krystyna.lastra342@outlook.com,+39 368077119,España,Nocchi,social,2023-03-06
343,Harriet,Fuertes,harriet.fuertes343@gmail.com,08712 552137,Portugal,Saint Victoire,paid_search,2023-08-14
344,Zacharie,Pärtzelt,zacharie.pärtzelt344@gmail.com,06532863266,Alemania,Blondelboeuf,organic,2023-02-08
345,Venceslás,Moran,venceslás.moran345@libero.it,+34923562606,Italia,Ourense,organic,2024-10-04
346,Evangelina,Malaparte,evangelina.malaparte346@ifrance.com,3415504897,España,Harrisonfurt,paid_search,2023-11-07
347,Josh,Arco,josh.arco347@poste.it,+33 4 37 31 88 48,Francia,Aschaffenburg,organic,2024-02-22
348,Tania,Guicciardini,tania.guicciardini348@hotmail.com,+33 (0)1 81 54 85 10,España,Granada,social,2025-10-24
349,Loredana,Santana,loredana.santana349@gmail.com,+39 058344926,España,Kamenz,social,2025-08-23
350,Eugène,Ellis,eugène.ellis350@hotmail.fr,+34816 273 715,España,Bertalia,paid_search,2023-10-10
351,Annalisa,Peruzzi,annalisa.peruzzi351@hotmail.de,05 90 76 22 82,Francia,DumontBourg,organic,2024-02-29
352,Caroline,David,caroline.david352@hotmail.co.uk,+49(0)9611 594082,España,Granada,organic,2024-10-27
353,Laurenz,Neureuther,laurenz.neureuther353@gmail.com,+443069990960,España,Fürstenfeldbruck,referral,2025-12-12
354,Wendy,Carvajal,wendy.carvajal354@gmail.com,+34803 679 497,España,Nauen,email,2024-10-04
355,Donatello,Lowe,donatello.lowe355@tele2.fr,+33 4 75 19 96 63,España,Gimenez,social,2025-07-30
356,Herminia,Guyon,herminia.guyon356@web.de,+34 848094818,Italia,Salamanca,social,2024-12-02
357,Aurora,Vélez,aurora.vélez357@yahoo.co.uk,+39 0344820431,Francia,Caselle,paid_search,2024-12-26
358,Jacqueline,Tur,jacqueline.tur358@yahoo.com,+33 5 58 08 56 41,España,Murcia,referral,2024-06-25
359,Mitchell,Clayton,mitchell.clayton359@gmail.com,0209520046,Italia,Burgos,referral,2025-09-18
360,Tristan,Kohl,tristan.kohl360@gmail.com,0118 4960993,España,Chrétiennec,social,2024-05-19
361,Julio César,Monreal,juliocésar.monreal361@noos.fr,+34978 063 048,Portugal,Acquatraversa Di Formia,organic,2026-02-16
362,Suzanne,Rogers,suzanne.rogers362@tele2.fr,+34 981 32 58 23,España,Acciano,social,2024-04-05
363,Rocco,Abella,rocco.abella363@club-internet.fr,0113 496 0074,Alemania,Difensola,email,2024-08-14
364,Adèle,Grant,adèle.grant364@vodafone.it,+34847 891 416,España,Toledo,email,2025-09-28
365,Hugo,Lacroix,hugo.lacroix365@hotmail.com,(05474) 35537,España,Colli Di Suso,organic,2025-09-09
366,Xiomara,Willis,xiomara.willis366@hotmail.com,+33 (0)1 41 26 87 68,España,Murcia,email,2026-02-21
367,Tecla,Maillet,tecla.maillet367@yahoo.com,0533201753,Alemania,Saint Noémi,paid_search,2024-08-12
368,Marta,Stiffel,marta.stiffel368@gmail.com,+34901337504,Francia,Lacroix-sur-Robert,email,2026-03-20
369,Kim,Masson,kim.masson369@hotmail.de,039839992,Francia,Córdoba,email,2025-02-16
370,Simonetta,Wallace,simonetta.wallace370@gmail.com,+34986 94 87 06,Francia,Las Palmas,paid_search,2024-12-07
371,Robert,Villegas,robert.villegas371@tiscali.fr,00304 68750,Francia,Daniel,paid_search,2024-08-17
372,Silvia,Asmundo,silvia.asmundo372@outlook.com,+33 (0)3 84 32 54 11,Alemania,Las Palmas,paid_search,2024-08-12
373,Dora,Hermann,dora.hermann373@gmail.com,+33 4 83 05 83 19,España,Cinte Tesino,email,2024-12-10
374,Eufemia,Delorme,eufemia.delorme374@gmail.com,+34746512070,Francia,Berchtesgaden,paid_search,2024-06-09
375,Inés,Azorin,inés.azorin375@yahoo.de,02 37 96 39 90,Portugal,Barthelemynec,social,2024-03-14
376,Donatella,Nicolás,donatella.nicolás376@yahoo.com,096131109,España,Stagno Lombardo,referral,2026-01-08
377,Girolamo,Linke,girolamo.linke377@tele2.fr,01184960200,Alemania,Fionachester,paid_search,2026-02-25
378,Fernanda,Jockel,fernanda.jockel378@hotmail.it,0116 4960749,España,Kelheim,email,2023-10-09
379,Aura,Collodi,aura.collodi379@gmail.com,+39 07615333137,Alemania,Crociale,paid_search,2026-06-14
380,Annunziata,Schmiedt,annunziata.schmiedt380@googlemail.com,+49 (0) 1707 303379,Portugal,South Mohamed,email,2024-05-05
381,Lucas,Gonzalez,lucas.gonzalez381@yahoo.com,+34821 508 124,España,Lefort,paid_search,2023-04-14
382,Marina,Beyer,marina.beyer382@gmail.com,0121 496 0234,España,Andreabury,social,2024-04-07
383,Dominic,Echeverría,dominic.echeverría383@aol.de,+34 843 61 53 47,España,Christineburgh,paid_search,2024-04-21
384,Nicoletta,Ritacca,nicoletta.ritacca384@gmail.com,+44(0)909 879 0233,Italia,Ganna,email,2023-07-25
385,Marc,Riccardi,marc.riccardi385@gmail.com,+39 3533842532,España,Masanti,email,2024-11-07
386,Jonathan,Dupré,jonathan.dupré386@libero.it,+44(0)161 4960685,España,Barthelemy-les-Bains,email,2023-07-25
387,Ingrid,Putz,ingrid.putz387@tiscali.fr,0547903337,España,Lloydchester,paid_search,2023-01-11
388,Henriette,Hudson,henriette.hudson388@gmx.de,+39 036314785,Italia,Loiseauboeuf,organic,2023-11-20
389,Catherine,Lesage,catherine.lesage389@live.com,0423602734,España,Ávila,social,2025-09-01
390,Mercedes,Toscanini,mercedes.toscanini390@libero.it,+49(0) 111508353,Alemania,Hannoversch Münden,social,2024-02-13
391,Hans-Hinrich,Cicala,hans-hinrich.cicala391@fastwebnet.it,+34 901 456 690,Alemania,Samson-les-Bains,paid_search,2024-10-19
392,Michel,Wood,michel.wood392@yahoo.co.uk,0191 498 0987,España,Clément,paid_search,2023-05-02
393,Milena,Mahmood,milena.mahmood393@sfr.fr,01 56 52 92 40,España,Maillot,referral,2026-03-21
394,Samantha,Torres,samantha.torres394@club-internet.fr,(00902) 259999,Alemania,Martinsnec,paid_search,2025-12-31
395,Bienvenida,Roche,bienvenida.roche395@yahoo.fr,(07412) 182097,Francia,Cantabria,referral,2023-12-25
396,Viviana,Jacquet,viviana.jacquet396@yahoo.com,(08170) 58025,España,BarbierBourg,social,2023-12-27
397,Paula,Martel,paula.martel397@yahoo.com,+44(0)115 496 0346,Francia,Texier,social,2025-03-24
398,Lodovico,Fioravanti,lodovico.fioravanti398@outlook.com,+49(0) 027169385,España,Castel Di Sasso,email,2024-01-17
399,Célina,Barracco,célina.barracco399@yahoo.com,0456692632,Portugal,Trafoi,paid_search,2023-03-18
400,Alice,Harrison,alice.harrison400@yahoo.com,+34879 24 84 13,Alemania,LedouxBourg,referral,2024-09-03
401,Cornelius,Vargas,cornelius.vargas401@googlemail.com,+33 3 86 38 07 01,Alemania,Le Goffnec,organic,2026-05-19
402,Patricia,Alarcón,patricia.alarcón402@aol.de,+44(0)1214960777,Alemania,Navarra,social,2024-11-17
403,Jennifer,Jones,jennifer.jones403@yahoo.de,+44116 4960091,Francia,Harryside,social,2025-07-19
404,Jean,Alba,jean.alba404@gmail.com,0327308370,Portugal,Erbusco,referral,2026-01-17
405,Marie,Martin,marie.martin405@hotmail.com,+34 806633533,Francia,La Rioja,organic,2025-10-08
406,Alberto,Gröttner,alberto.gröttner406@gmail.com,+34848 206 815,Países Bajos,Schwäbisch Gmünd,email,2025-10-29
407,Joanna,Gilbert,joanna.gilbert407@gmail.com,(0115) 496 0552,España,Segovia,referral,2024-07-12
408,Aleksander,Lecomte,aleksander.lecomte408@orange.fr,+34886 950 136,Portugal,Burglengenfeld,paid_search,2023-08-19
409,Morena,Donà,morena.donà409@aol.de,35166252510,Alemania,Alpo,paid_search,2023-11-29
410,Danielle,Heath,danielle.heath410@gmail.com,+34 841436391,España,Huesca,paid_search,2024-06-10
411,Théodore,Hayes,théodore.hayes411@outlook.com,+34879 975 245,Italia,Segovia,organic,2023-01-29
412,Karolina,Grande,karolina.grande412@gmx.de,(0117) 4960803,España,Bishopburgh,paid_search,2024-08-27
413,Louise,Barón,louise.barón413@hotmail.fr,0114 4960232,Francia,Palencia,referral,2024-01-31
414,Rita,Smith,rita.smith414@yahoo.com,0320336293,España,Roding,paid_search,2026-06-05
415,Luce,Dixon,luce.dixon415@hotmail.fr,0627768962,Alemania,Sainte Aurélie,paid_search,2025-04-10
416,Martina,Scheibe,martina.scheibe416@tin.it,+39 05167474612,España,Meyer,paid_search,2025-11-21
417,Christopher,Valle,christopher.valle417@googlemail.com,05 40 56 74 91,España,Saint Alice,organic,2023-06-27
418,Ettore,Miller,ettore.miller418@yahoo.de,07506 63370,Francia,Vechta,paid_search,2023-07-15
419,Elliot,Santoro,elliot.santoro419@hotmail.com,+44(0)20 74960920,Portugal,Segovia,paid_search,2023-10-15
420,Anastasie,Botticelli,anastasie.botticelli420@virgilio.it,+33 5 65 44 88 69,Alemania,Worbis,social,2024-10-24
421,César,Murialdo,césar.murialdo421@hotmail.com,+44(0)1632960640,España,Winterland,social,2023-01-14
422,Édith,Bègue,édith.bègue422@web.de,+33 3 26 52 23 72,España,Lobbi,referral,2025-02-24
423,Hélène,Skinner,hélène.skinner423@hotmail.com,(0808) 157 0346,España,Nicolas-sur-Bousquet,paid_search,2025-07-03
424,Jason,Caspar,jason.caspar424@yahoo.fr,+49(0)5093 771004,España,Badajoz,referral,2024-11-06
425,Zoe,Peña,zoe.peña425@hotmail.com,07596 555535,Francia,BourdonVille,social,2026-04-07
426,Pascale,Ditschlerin,pascale.ditschlerin426@yahoo.com,+33 1 53 91 84 35,España,Torres-sur-Delmas,social,2023-01-24
427,Denise,Peltier,denise.peltier427@gmail.com,+49(0)5057397691,España,Nauen,email,2025-01-06
428,Macarena,Cousin,macarena.cousin428@virgilio.it,+44909 879 0898,España,Madrid,organic,2023-05-08
429,Marcial,Schiavone,marcial.schiavone429@yahoo.co.uk,+34 978833321,España,Teruel,paid_search,2025-08-11
430,Felipe,Kraus,felipe.kraus430@gmail.com,(07128) 71539,Alemania,Condofuri Marina,organic,2023-11-24
431,Pietro,Guibert,pietro.guibert431@gmail.com,+44(0)117 496 0414,Italia,Ávila,paid_search,2025-10-26
432,Johanne,Farinelli,johanne.farinelli432@hotmail.com,+49 (0) 5690 409836,Francia,Pires,paid_search,2023-08-29
433,Ludmila,Reynolds,ludmila.reynolds433@yahoo.com,(0115) 496 0608,Francia,Rodrigues,paid_search,2024-08-27
434,Mathilde,Knight,mathilde.knight434@laposte.net,0371095489,España,Costa,organic,2026-06-12
435,Ida,Lopez,ida.lopez435@gmail.com,0909 8790302,Portugal,Ribeiro-les-Bains,referral,2024-03-24
436,Carlota,Marques,carlota.marques436@tiscali.fr,0618443861,Francia,Kimberleyton,organic,2025-09-06
437,Uwe,Mellor,uwe.mellor437@tiscali.fr,+49 (0) 3330 591266,Alemania,North Susanfort,paid_search,2025-07-20
438,Lee,Villalba,lee.villalba438@hotmail.de,+33 5 49 30 13 67,España,Staffelstein,organic,2025-02-04
439,Philippine,Silva,philippine.silva439@bouygtel.fr,0142111178,Alemania,New Marionshire,social,2026-01-29
440,Robert,Escrivá,robert.escrivá440@tiscali.fr,0254151826,España,Navarra,organic,2026-01-05
441,Mercedes,Staglieno,mercedes.staglieno441@hotmail.com,+39 3493129205,España,Ourense,social,2024-05-21
442,Hilary,Nicholson,hilary.nicholson442@yahoo.de,+34 823 18 45 82,España,Saint Théophile,organic,2023-06-17
443,Aurelia,Sorgatz,aurelia.sorgatz443@outlook.com,(020) 7496 0758,Italia,Tuttlingen,organic,2025-07-03
444,Gloria,Gálvez,gloria.gálvez444@gmail.com,(0121) 4960329,Alemania,Motta Visconti,organic,2025-01-10
445,Micheletto,Eckbauer,micheletto.eckbauer445@gmail.com,+34882 462 671,España,Uelzen,organic,2026-03-01
446,Paula,Bruce,paula.bruce446@web.de,01632960598,Alemania,La Magdeleine,email,2023-05-07
447,Valentine,Saunders,valentine.saunders447@ifrance.com,+34 881141818,Italia,Sainte LucieBourg,paid_search,2025-11-01
448,Sibille,Wulff,sibille.wulff448@gmail.com,+44(0)118 4960016,Alemania,Watsonville,organic,2026-03-18
449,Kerry,Schacht,kerry.schacht449@yahoo.fr,366948491,España,Eisleben,email,2023-11-03
450,Magrit,Villadicani,magrit.villadicani450@gmail.com,+33 3 89 08 22 26,España,Montalto Pavese,organic,2024-11-02
451,Zaida,Trommler,zaida.trommler451@outlook.com,36872757848,España,Heatherland,organic,2025-06-23
452,Rudolf,Conradi,rudolf.conradi452@gmail.com,+44(0)1144960290,España,Navarra,social,2024-02-25
453,Susan,Rodrigo,susan.rodrigo453@tin.it,02 53 60 93 06,Francia,Pereta,email,2025-09-28
454,Irene,Basso,irene.basso454@outlook.com,(029) 2018832,Italia,Barcelona,paid_search,2025-11-11
455,Mauro,Rocamora,mauro.rocamora455@ifrance.com,+44(0)1314960153,España,Barberino Di Mugello,paid_search,2023-04-24
456,Kristian,Cousin,kristian.cousin456@gmail.com,+34 944348079,Alemania,Sainte Aimé,organic,2023-09-28
457,Romeo,Huhn,romeo.huhn457@aol.de,+34925265016,Alemania,Clément,paid_search,2025-04-30
458,Uberto,Craig,uberto.craig458@voila.fr,(0306) 9990437,Alemania,Ribeiro,paid_search,2026-02-28
459,Stanislaw,Wilkinson,stanislaw.wilkinson459@aol.de,02 99 25 60 53,España,Girona,referral,2026-02-18
460,Eliseo,De Oliveira,eliseo.deoliveira460@aol.de,0292018374,Italia,Madrid,organic,2024-09-23
461,Simone,Rose,simone.rose461@wanadoo.fr,+33 2 46 10 22 58,Portugal,Almería,paid_search,2025-03-21
462,Stefan,Alfonsi,stefan.alfonsi462@tiscali.fr,+49(0)7163 92823,Portugal,Grimma,email,2023-01-07
463,Dorothy,Philippe,dorothy.philippe463@yahoo.fr,+39 04239231203,Francia,Brownborough,organic,2026-03-30
464,Rosaura,Pinto,rosaura.pinto464@wanadoo.fr,(03356) 70860,España,Großenhain,paid_search,2023-04-03
465,Karl-Jürgen,Trub,karl-jürgen.trub465@orange.fr,+49(0)2000534749,Alemania,Cádiz,organic,2024-12-06
466,Tülay,Marchal,tülay.marchal466@gmx.de,+34825 082 555,España,Olbia,email,2026-01-13
467,Francesca,Häring,francesca.häring467@gmail.com,+34 827 291 093,Países Bajos,Bennettland,paid_search,2023-05-22
468,Dolores,Jacobi Jäckel,dolores.jacobijäckel468@sfr.fr,+39 01652368451,España,Sainte AstridVille,organic,2023-03-06
469,June,Textor,june.textor469@hotmail.com,+34 813 67 88 12,España,Jacobnec,referral,2025-04-17
470,Julie,Haering,julie.haering470@gmail.com,02074960390,España,Bertocchi,paid_search,2023-10-05
471,Isabella,Guidone,isabella.guidone471@yahoo.de,(0121) 496 0481,España,North Eleanor,paid_search,2025-05-10
472,Iain,Colomer,iain.colomer472@gmail.com,+49(0)3381059551,Alemania,Borghetto Di Tuoro,email,2025-02-22
473,Michelle,Majorana,michelle.majorana473@aol.de,+34926342408,España,Borgonuovo,organic,2025-02-12
474,Marcelle,Schomber,marcelle.schomber474@hotmail.it,(0808)1570735,España,Rostock,referral,2023-06-14
475,Honoré,Grondin,honoré.grondin475@live.com,01614960172,Portugal,Schmitt,social,2023-09-30
476,Shirley,Chauveau,shirley.chauveau476@outlook.com,+49(0)4226931216,Alemania,Walkerfurt,social,2024-12-13
477,Lourdes,Cibin,lourdes.cibin477@hotmail.com,+34 941 60 10 02,España,West Garethtown,referral,2024-01-01
478,Máxima,Nevado,máxima.nevado478@gmail.com,01614960972,Francia,Neubrandenburg,paid_search,2025-03-15
479,Norman,Lastra,norman.lastra479@tim.it,+34803 184 186,Francia,East Peterbury,organic,2023-09-18
480,Alice,Ingram,alice.ingram480@gmail.com,+33 (0)7 62 13 14 51,España,Casalanguida,social,2023-01-08
481,Poncio,Aroca,poncio.aroca481@tin.it,0151 4960859,España,Hayesport,social,2024-09-03
482,Paulina,Keudel,paulina.keudel482@yahoo.com,0413102252,España,Macedan,paid_search,2026-01-20
483,Daniel,Renier,daniel.renier483@gmail.com,+34 921 226 557,España,Lemonniernec,paid_search,2025-12-25
484,Nadia,Etzler,nadia.etzler484@yahoo.co.uk,07 78 83 61 96,Alemania,Poggio Mirteto Scalo,organic,2024-04-15
485,Joel,Adler,joel.adler485@gmail.com,07210 55247,Alemania,Smithbury,paid_search,2025-08-01
486,Margarita,Hardy,margarita.hardy486@yahoo.co.uk,+34 949 50 19 17,Alemania,Santa Croce Di Trieste,referral,2023-11-14
487,Eugenio,Faust,eugenio.faust487@gmail.com,+34 719 622 728,Alemania,Lörrach,organic,2024-01-22
488,Till,Madrid,till.madrid488@gmail.com,+34 749 28 20 66,España,Mendès-la-Forêt,organic,2023-03-07
489,Temistocle,Tröst,temistocle.tröst489@yahoo.co.uk,+44(0)118 496 0186,Alemania,South Marian,organic,2026-06-13
490,Isidoro,Gonzalez,isidoro.gonzalez490@tele2.it,+34975 75 66 20,Francia,Eutin,social,2024-05-07
491,Elias,Bermejo,elias.bermejo491@hotmail.de,+49(0)3428113904,España,Lake Ryan,social,2023-05-18
492,Max,Arribas,max.arribas492@live.com,+34 806514054,España,Leclercqboeuf,organic,2026-05-01
493,Monique,Ehlert,monique.ehlert493@yahoo.com,+33 (0)2 79 09 67 90,Alemania,Duderstadt,paid_search,2025-07-03
494,Édouard,Guardiola,édouard.guardiola494@outlook.com,(0306) 9990288,Alemania,Truccazzano,paid_search,2023-04-10
495,Simone,Cook,simone.cook495@hotmail.de,+33 (0)5 33 33 99 12,España,Belgioioso,email,2023-04-01
496,Noa,Clavero,noa.clavero496@hotmail.de,+34 981 175 242,Italia,Ourense,social,2025-06-17
497,Nikolas,Belda,nikolas.belda497@outlook.com,0664721970,España,Lobenstein,social,2026-01-10
498,Laure,Williams,laure.williams498@tele2.it,01687409038,Francia,Badajoz,organic,2023-04-26
499,Philippe,Pearce,philippe.pearce499@gmail.com,02 35 57 78 71,Portugal,Toledo,organic,2025-10-28
500,Yéssica,Lecoq,yéssica.lecoq500@sfr.fr,0188559737,Países Bajos,Lleida,paid_search,2024-04-24
501,Caridad,Wells,caridad.wells501@outlook.com,+44(0)121 496 0909,España,Sainte Sophie,paid_search,2024-10-15
502,Christelle,Collier,christelle.collier502@hotmail.com,0386212146,Portugal,Teruel,social,2026-05-09
503,Astrid,Gabba,astrid.gabba503@gmail.com,+34824654235,Italia,Ollivier-les-Bains,social,2024-04-30
504,Adrienne,Pellegrini,adrienne.pellegrini504@hotmail.com,+39 02992550225,Alemania,Córdoba,email,2023-10-21
505,Licia,Sanjuan,licia.sanjuan505@outlook.com,+33 (0)1 64 33 68 29,España,Lévêque,paid_search,2024-03-28
506,Karl,Angiolello,karl.angiolello506@yahoo.de,+49(0)4481776655,España,Bianconese,referral,2024-09-07
507,Marina,Drewes,marina.drewes507@yahoo.co.uk,0326892866,Portugal,Siegen,organic,2023-05-05
508,Hiltraud,Calbo,hiltraud.calbo508@gmail.com,+34719617981,Alemania,BlinVille,referral,2026-04-26
509,Mona,Lecomte,mona.lecomte509@yahoo.co.uk,0343371576,España,Ochsenfurt,paid_search,2025-05-24
510,Juan,Jäntsch,juan.jäntsch510@orange.fr,+34947000258,Portugal,Soraga,organic,2025-10-12
511,Götz,Riccati,götz.riccati511@hotmail.co.uk,+33 5 36 09 62 62,Alemania,Blondel,organic,2024-12-06
512,Amanda,Spencer,amanda.spencer512@hotmail.co.uk,+34943 48 25 31,Portugal,Las Palmas,referral,2025-02-19
513,Eusebia,Correr,eusebia.correr513@hotmail.com,+39 093460275,Portugal,Gordonside,paid_search,2024-10-14
514,Gemma,Sorgatz,gemma.sorgatz514@yahoo.com,+34844 091 179,Portugal,Burgos,email,2025-04-16
515,Jonas,Green,jonas.green515@live.com,(0141) 4960170,España,Sainte LorraineBourg,email,2024-09-06
516,Joyce,Mallet,joyce.mallet516@web.de,+33 3 28 40 29 90,España,Huelva,social,2024-01-12
517,Laetitia,Vergerio,laetitia.vergerio517@gmail.com,350513908,España,Geoffreyborough,organic,2025-08-27
518,Nacio,Lloyd,nacio.lloyd518@hotmail.com,03158 477686,España,Kyleborough,social,2024-04-06
519,Viola,Henry,viola.henry519@yahoo.com,+49 (0) 3767 694591,España,Ruvo Di Puglia,social,2023-10-23
520,Luc,Niscoromni,luc.niscoromni520@web.de,+34972208496,España,Lichtenfels,paid_search,2023-04-29
521,Darío,Law,darío.law521@free.fr,+49(0) 135525105,Francia,Castellón,email,2025-04-25
522,Hélène,Heintze,hélène.heintze522@libero.it,0362831849,España,Soria,social,2026-02-15
523,Timothée,Gumprich,timothée.gumprich523@gmail.com,01 74 46 11 72,Portugal,Sissa Trecasali,social,2023-10-02
524,Oreste,Allen,oreste.allen524@aol.de,+39 3737426080,España,Badajoz,organic,2024-05-12
525,Monique,Höfig,monique.höfig525@yahoo.de,0185790647,Portugal,Sainte LaureBourg,organic,2024-02-21
526,Jacobo,Alarcón,jacobo.alarcón526@gmail.com,0321358004,Portugal,Almería,paid_search,2023-06-11
527,Conrad,Jüttner,conrad.jüttner527@gmail.com,+49 (0) 2971 252967,Portugal,Ourense,email,2025-01-29
528,Margaud,Guyot,margaud.guyot528@yahoo.de,+33 2 35 44 15 83,Países Bajos,North Oliviaton,paid_search,2026-01-01
529,James,Jones,james.jones529@sfr.fr,+33 (0)4 83 39 88 54,Italia,Bodin,paid_search,2023-04-16
530,Yaiza,Lloyd,yaiza.lloyd530@googlemail.com,+33 5 46 31 46 24,Francia,Roccagiovine,social,2025-02-11
531,Bethany,Canet,bethany.canet531@gmail.com,+33 4 15 07 87 54,Portugal,Huelva,referral,2026-05-19
532,Marcel,Frost,marcel.frost532@wanadoo.fr,+49(0)7451066343,Italia,Valentin,paid_search,2023-05-30
533,Annerose,Taccola,annerose.taccola533@gmail.com,+34806 313 100,Francia,Orsara Bormida,social,2026-04-18
534,Gary,Callegaro,gary.callegaro534@gmail.com,073161347,España,Kimport,organic,2024-03-20
535,Ivo,Busquets,ivo.busquets535@hotmail.co.uk,3464325127,Francia,Lake Elainechester,organic,2024-03-03
536,Alwin,Simpson,alwin.simpson536@gmail.com,+34 926 790 737,España,Albacete,organic,2024-09-12
537,Giulia,Heidrich,giulia.heidrich537@hotmail.com,0306 9990211,España,Merseburg,organic,2024-03-09
538,Nathalie,Ritter,nathalie.ritter538@web.de,0495705458,Países Bajos,Pieve Albignola,paid_search,2023-08-29
539,Julián,Argan,julián.argan539@yahoo.co.uk,029 2018 0257,Francia,Ourense,social,2024-05-11
540,Agnès,Reid,agnès.reid540@yahoo.co.uk,+34885878245,España,Rudolstadt,referral,2024-02-23
541,Robert,Grein Groth,robert.greingroth541@hotmail.com,3777916794,Italia,Soria,organic,2024-05-05
542,Natalie,Norris,natalie.norris542@hotmail.de,+39 0549741400,Francia,Bamberg,email,2024-10-20
543,Thibault,Ros,thibault.ros543@web.de,+34806 425 488,Portugal,Lake Mathewberg,paid_search,2025-02-18
544,Ann,Bottigliero,ann.bottigliero544@gmail.com,+34976536661,Alemania,Sankt Goar,organic,2025-12-28
545,Hajo,Roccabonella,hajo.roccabonella545@yahoo.de,+39 3393426834,Países Bajos,Pritzwalk,organic,2025-01-05
546,Nicola,Pereira,nicola.pereira546@hotmail.co.uk,0492756766,Portugal,Saint Pauline,social,2024-06-19
547,Emmanuel,Richards,emmanuel.richards547@yahoo.de,(020) 74960852,Alemania,Roccanolfi,paid_search,2025-11-16
548,Marisol,Marchand,marisol.marchand548@voila.fr,01 78 10 41 59,España,Ourense,organic,2025-08-12
549,Marie,Bolander,marie.bolander549@hotmail.com,+39 366382872,España,Weißwasser,organic,2025-08-19
550,Noa,Ferrand,noa.ferrand550@gmail.com,+34 629 181 331,Italia,Sainte Anaïs,paid_search,2024-02-21
551,Ángeles,Marín,ángeles.marín551@tiscali.fr,(0808)1570384,España,Pastene,referral,2024-10-02
552,Delfino,Rodrigues,delfino.rodrigues552@gmail.com,(0808)1570328,Portugal,Calatafimi Segesta,referral,2023-04-04
553,Christiane,Hoffmann,christiane.hoffmann553@hotmail.com,0426661766,Países Bajos,West Clareville,organic,2024-03-29
554,Ottavio,Mateo,ottavio.mateo554@hotmail.com,016352774,Francia,Iserlohn,social,2023-02-03
555,Ottavio,Boaga,ottavio.boaga555@outlook.com,+44131 496 0957,Alemania,Katyport,organic,2026-02-07
556,Daniel,Mallet,daniel.mallet556@free.fr,0362599591,Italia,Ceuta,organic,2026-04-01
557,Graciela,Valera,graciela.valera557@dbmail.com,(0306)9990312,España,AndreVille,paid_search,2024-08-27
558,Giorgio,Arcos,giorgio.arcos558@yahoo.com,(00251) 762983,Alemania,Abigailmouth,social,2024-02-06
559,Hendrik,Cox,hendrik.cox559@wanadoo.fr,+44(0)114 4960901,España,Port Bradleytown,email,2024-04-16
560,Lea,Duhamel,lea.duhamel560@libero.it,+49 (0) 8733 978559,España,Grottaferrata,organic,2026-03-12
561,Valentín,Toussaint,valentín.toussaint561@hotmail.fr,+39 0358411730,Portugal,Tonyfurt,referral,2025-10-19
562,Cetin,Morgan,cetin.morgan562@hotmail.com,+39 353389846,Portugal,Ceselli,email,2024-11-22
563,Genoveva,Antúnez,genoveva.antúnez563@googlemail.com,+49(0) 502385037,Alemania,Huelva,paid_search,2025-09-27
564,Sigfrido,Bottigliero,sigfrido.bottigliero564@live.com,+44(0)118 496 0010,España,Jeanboeuf,paid_search,2025-10-01
565,Christiane,Zänker,christiane.zänker565@gmail.com,+34 733 89 60 87,Francia,Vizcaya,organic,2023-12-11
566,Marthe,Sykes,marthe.sykes566@laposte.net,+34961955356,Alemania,Ceuta,paid_search,2023-12-13
567,Dionisia,Gordillo,dionisia.gordillo567@gmail.com,+34881 010 272,España,Helmstedt,organic,2026-01-24
568,Dorothee,Turner,dorothee.turner568@hotmail.co.uk,02 52 11 48 37,Alemania,Melle,organic,2024-01-12
569,Theodora,Zahn,theodora.zahn569@vodafone.it,01914960458,Portugal,Dormelletto,paid_search,2023-05-01
570,Osvaldo,Munoz,osvaldo.munoz570@live.com,+49(0)3283 483152,Francia,Tarragona,social,2023-03-11
571,Manon,Noël,manon.noël571@yahoo.com,+34 885 496 410,Italia,Norden,paid_search,2023-04-10
572,Rosalía,Jacob,rosalía.jacob572@gmail.com,(0117) 4960626,Alemania,Selve Marcone,paid_search,2025-04-24
573,Anto,Natta,anto.natta573@hotmail.com,+49(0)9305 96601,España,Vattaro,email,2024-04-18
574,Natali,Scarfoglio,natali.scarfoglio574@wanadoo.fr,+49 (0) 6732 044138,Italia,Riesa,social,2023-11-06
575,Auguste,Leonardi,auguste.leonardi575@gmx.de,(09014) 95427,Portugal,Sainte Alain,email,2024-03-23
576,Auguste,Naser,auguste.naser576@virgilio.it,+33 (0)2 28 49 85 17,Alemania,Martynview,email,2025-07-22
577,Gilbert,Yates,gilbert.yates577@hotmail.co.uk,+34878102879,Alemania,Rastatt,social,2023-05-04
578,Benjamin,Hertrampf,benjamin.hertrampf578@hotmail.com,00935 11871,Alemania,Taiedo,social,2026-06-16
579,Dennis,Rudolph,dennis.rudolph579@yahoo.de,+33 (0)5 65 42 05 95,España,Stadtsteinach,email,2025-09-26
580,Wenzel,Scholtz,wenzel.scholtz580@gmail.com,+49(0)4290193588,Portugal,Boglietto,organic,2023-01-14
581,Gemma,Balbo,gemma.balbo581@yahoo.co.uk,+34 822398986,Italia,Albareto,organic,2026-02-03
582,Nedda,Sureda,nedda.sureda582@hotmail.com,0420394353,España,Miesbach,social,2023-01-25
583,Karin,Hernando,karin.hernando583@noos.fr,+49(0)5881 579376,España,New Duncan,email,2025-12-20
584,Margot,Cicala,margot.cicala584@fastwebnet.it,05116682973,Italia,Brownville,paid_search,2026-01-02
585,Rémy,Segni,rémy.segni585@gmail.com,+34950 212 886,España,Rodriguez,organic,2023-02-05
586,Marthe,Goldoni,marthe.goldoni586@aol.de,09991015767,Alemania,Boulay,referral,2025-05-31
587,Martine,Hunter,martine.hunter587@hotmail.com,+34845 09 95 76,Alemania,Eisenberg,organic,2023-08-08
588,Licia,Lippomano,licia.lippomano588@gmail.com,05098 898645,Alemania,Boulay,paid_search,2025-12-09
589,Gareth,Galvez,gareth.galvez589@wanadoo.fr,(09515) 421447,Italia,Roy,organic,2024-05-08
590,Telse,auch Schlauchin,telse.auchschlauchin590@gmail.com,+49 (0) 1388 209088,Italia,South Richardstad,paid_search,2026-06-23
591,Lawrence,Regge,lawrence.regge591@wanadoo.fr,+448081570741,Países Bajos,Las Palmas,paid_search,2024-05-31
592,Rémy,Cerro,rémy.cerro592@web.de,+34 926 13 15 28,Alemania,Mettmann,referral,2024-07-01
593,Giada,Miranda,giada.miranda593@yahoo.com,+34984 53 80 03,España,Carrbury,referral,2023-06-11
594,Arthur,Fernandes,arthur.fernandes594@free.fr,0257318306,Alemania,Navarra,organic,2025-04-11
595,Giacinto,Thomas,giacinto.thomas595@hotmail.de,+33 4 87 78 24 34,España,Lombardnec,social,2026-03-03
596,Michele,Sollima,michele.sollima596@aol.de,(0115) 4960467,España,Sternberg,social,2024-04-07
597,Gabriel,Hall,gabriel.hall597@web.de,+34 925627796,España,West Maxhaven,social,2023-06-15
598,Michelle,Moraleda,michelle.moraleda598@web.de,0676640473,España,Hechingen,email,2023-03-06
599,Anouk,Allen,anouk.allen599@hotmail.co.uk,+44306 9990199,Países Bajos,Schleiz,referral,2025-04-10
600,Alessandro,Pinilla,alessandro.pinilla600@hotmail.com,08108358328,Alemania,Charpentier,organic,2025-02-11
