product_id,name,description,category_id,brand,price,cost,stock_quantity,is_active,created_at
1,Samsung Sus Max,Fallen setzen scheinen was blau in antworten.,1,Samsung,231.51,169.29,71,True,2023-12-30
2,Google Eveniet Max,Almeno contrario piccolo naturalmente cucina opinione scrittore accendere scopo processo.,1,Google,240.32,186.63,258,True,2024-08-15
3,OnePlus Fährt Lite,Vero excepturi at atque sed nobis.,1,OnePlus,744.38,511.91,414,True,2024-05-26
4,Xiaomi Actitud Lite,Céder toile avenir éclater parfaitement sous expression contre autant peu.,1,Xiaomi,560.23,418.03,52,True,2024-01-19
5,Xiaomi Öffnen Air,Señaló tampoco grupos período sea igual grande.,1,Xiaomi,983.84,588.55,235,True,2025-08-18
6,OnePlus Elementos Lite,Quas cum fugit voluptatibus odit nam placeat sapiente quod dolorem.,1,OnePlus,580.13,372.93,295,True,2023-11-24
7,Apple Tales Max,Freuen erzählen wirklich vorbei gerade reiten hinter Welt.,1,Apple,1203.99,666.64,443,True,2025-01-24
8,Xiaomi Couleur Air,Finger Monate fressen Nase weg holen.,1,Xiaomi,410.45,291.9,136,True,2023-11-28
9,Apple Deserunt Plus,Bambino appartenere buio pensare sala industriale assoluto giovanotto vuoto.,1,Apple,893.38,660.03,194,True,2024-09-26
10,Samsung Invitare Lite,Prendere calcio stasera restare.,1,Samsung,496.76,393.42,205,True,2024-09-09
11,Xiaomi Dabei Air,Dir Abend See Schüler Zeit Sommer letzte Bruder offen.,1,Xiaomi,475.41,320.99,234,True,2024-04-15
12,OnePlus Forse Plus,Quis molestiae quod minus a eum accusantium ut.,1,OnePlus,899.67,551.72,459,True,2025-07-15
13,Apple Feuer Pro,Sectores encuentran gobierno capacidad tiempo humano vino.,1,Apple,861.38,669.53,440,True,2024-05-27
14,OnePlus Unde Plus,Colline malade oeuvre véritable tourner rapport position preuve fort plante.,1,OnePlus,281.59,198.41,270,True,2023-07-28
15,OnePlus Kann Lite,Cantare da finché operazione dedicare cucina attività perdere decisione.,1,OnePlus,1175.14,714.31,57,True,2024-05-23
16,Samsung Razones Lite,Lieb Fußball laufen Meer See.,1,Samsung,1438.96,836.09,497,True,2024-07-04
17,Samsung Si Air,Rem deleniti atque inventore incidunt iure quas perferendis voluptates.,1,Samsung,1330.67,965.25,259,True,2024-05-13
18,Apple Ni,Réussir brusquement contraire mariage changement connaissance inconnu songer.,1,Apple,900.19,544.92,470,False,2025-04-28
19,Samsung Miembros Lite,Aprire zona sicurezza veramente testa.,1,Samsung,344.43,244.29,122,True,2023-12-13
20,Google Doloremque,Jeune soin tache colère abri flot tôt réponse drôle.,1,Google,1259.83,699.84,392,True,2026-03-04
21,Apple Sorella Plus,Error voluptas neque molestiae quibusdam animi.,1,Apple,543.57,316.3,493,True,2024-08-19
22,Google Simile Plus,Ciò valere avanti conoscenza orecchio povero desiderio cane storico dimenticare.,1,Google,1492.69,951.64,460,True,2024-03-08
23,Apple Attimo,Indicare oltre ministro trarre corpo.,1,Apple,282.23,224.3,117,True,2023-07-19
24,Samsung Feuer Lite,Dauern plötzlich klein wie will Affe ob Musik.,1,Samsung,496.62,284.88,36,True,2025-01-25
25,Apple Vida,Meglio cattivo forma attenzione difficoltà ecco.,1,Apple,900.0,557.25,295,True,2026-02-27
26,Dell Réclamer Lite,Zum Tante mal rund Minutenmir wieder Brot Wagen Freude warum sie.,2,Dell,597.08,379.3,216,True,2023-10-23
27,Apple Fugit Pro,Erzählen glücklich schlagen verlieren lesen Flasche weit baden Onkel turnen.,2,Apple,526.29,325.22,127,True,2026-01-08
28,Lenovo El Pro,Packen frei sicher Milch ja Affe.,2,Lenovo,784.32,536.74,226,True,2024-01-21
29,Asus Generales Max,Alias fuga mollitia inventore aliquam facilis ut voluptas aliquam facere.,2,Asus,2154.66,1201.76,85,True,2026-03-16
30,Lenovo Vel Pro,Libros electoral camino posición toda muerto entrar larga.,2,Lenovo,2294.13,1740.88,199,True,2026-01-21
31,Lenovo Neque,Estructura mayoría precios chile entrar supuesto.,2,Lenovo,1861.84,1149.45,338,True,2024-05-17
32,HP Doch Air,Tribunal puso horas cámara movimiento familia produce guerra.,2,HP,856.17,672.42,277,True,2025-04-07
33,Apple Poner,Eveniet sint vitae eius odit id voluptatem modi.,2,Apple,1625.77,1096.24,80,True,2026-05-10
34,Dell Les Max,Nah zum Arzt nennen groß stark.,2,Dell,542.89,425.09,206,True,2024-11-20
35,Asus Serrer Air,Giudizio occorrere diritto prossimo abbandonare.,2,Asus,482.46,376.08,298,True,2025-04-12
36,Dell Fondo Lite,Beispiel rufen gibt gerade Vater Schüler gefährlich gelb ich.,2,Dell,1805.42,1302.53,202,True,2025-03-10
37,HP Village Pro,Darin in wir scheinen Weihnachten nächste gefährlich merken ab für.,2,HP,2349.94,1330.22,234,True,2024-01-25
38,Asus Roi Lite,Liberare invece costruire lo successo sangue compagnia avvocato.,2,Asus,846.62,621.17,451,True,2024-11-16
39,HP Ora Air,Plaza tarde dentro pero centro hacía parís.,2,HP,730.27,432.0,154,True,2026-06-22
40,Asus Niño Max,Moyen prison fils fortune chef porter suivant simple sous rencontrer dame.,2,Asus,1027.7,651.72,135,True,2024-02-09
41,Dell Seguire Air,Relación sueño cara creación tratamiento rafael unión suficiente socialista decía.,2,Dell,970.93,629.93,175,True,2024-12-26
42,Lenovo Ricchezza Pro,Studio recare loro distanza dimostrare persona rimanere militare pensare.,2,Lenovo,926.35,530.76,47,True,2025-01-21
43,Apple Katze Lite,Tu éste aparece aunque debe vista cómo.,2,Apple,1099.47,843.62,82,True,2025-11-26
44,Apple At Air,Époque installer attirer savoir fleur regretter tromper agiter.,2,Apple,633.94,357.38,462,True,2023-09-16
45,Asus Possibilità Pro,Très égal flot suffire.,2,Asus,1559.3,1079.9,157,True,2023-09-24
46,Dell Rapidement Lite,Stupido malattia donna magari già posare sbagliare qualità signorina tempo.,2,Dell,1831.34,1159.73,399,True,2025-10-14
47,Dell Tu Max,Superior medidas hace empresas señaló frente carlos mil.,2,Dell,2343.1,1735.81,499,True,2024-07-01
48,Apple Immobile Plus,Fußball Woche in um können sind bald Woche.,2,Apple,775.66,441.26,410,True,2024-11-24
49,Dell Totam Pro,Texto martín nuestro lo cómo.,2,Dell,2052.49,1586.53,439,True,2024-08-16
50,HP Pariatur Max,Encuentran bueno mis solo teatro pablo formación diferencia tenía ministro.,2,HP,1039.9,625.15,114,False,2024-08-03
51,Lenovo Anzi Lite,Scheinen Wohnung hoch schwimmen Berg schlimm oft bringen Spiel verkaufen.,3,Lenovo,385.81,301.95,179,True,2025-09-30
52,Lenovo Costruire Lite,Fondare inoltre genere meglio finire.,3,Lenovo,947.35,730.56,91,True,2024-12-29
53,Apple Port Lite,Estilo opinión técnica cambios cultura corazón peor todavía pasó.,3,Apple,656.09,468.17,223,True,2026-05-17
54,Xiaomi Solo Pro,Saluer nord entourer dès train doute humain raison montrer.,3,Xiaomi,913.58,687.45,362,True,2026-06-03
55,Samsung Intérieur Air,Ocasión frente bajo tenían buena aspecto habrá muchas las.,3,Samsung,458.59,358.85,471,True,2025-04-07
56,Lenovo Blanditiis Lite,Laborum quidem porro officia laudantium recusandae at dolore.,3,Lenovo,580.05,367.33,206,True,2024-03-21
57,Xiaomi Inventore Air,Lo momento iniziare regno fianco programma domenica diretto.,3,Xiaomi,714.19,503.66,462,True,2025-03-12
58,Apple Modelo,Blanditiis modi quis delectus dolor laborum quam voluptate.,3,Apple,407.29,304.43,310,True,2026-02-11
59,Xiaomi Materia Air,Equipo creo manos río mucho muy.,3,Xiaomi,723.28,486.19,86,True,2025-02-05
60,Lenovo Sol Max,Packen sitzen Brot allein fünf lange.,3,Lenovo,228.38,128.35,344,True,2024-08-15
61,Apple Einige,Pacientes estaban unidad estoy e pueda sólo.,3,Apple,188.28,104.31,435,True,2026-01-22
62,Samsung Recusandae Plus,Zwischen danach Sonne nie steigen.,3,Samsung,759.59,534.76,124,True,2023-07-16
63,Xiaomi Quasi Air,Tel effet noire grandir montagne atteindre veille boire recueillir.,3,Xiaomi,335.01,200.66,265,True,2024-11-26
64,Xiaomi Fuga,Estar seguir luego fondo francia futuro.,3,Xiaomi,262.34,179.4,286,True,2025-12-27
65,Xiaomi Mano Max,Schreien Klasse schlagen werfen stehen oder rot.,3,Xiaomi,854.98,566.88,380,True,2026-01-11
66,Samsung Nisi,Tarde todas algunas otras todos volver unión suerte distintas media.,3,Samsung,862.88,630.48,248,True,2025-01-17
67,Apple Vérité Lite,Wird leicht legen Bett auch jetzt Gesicht Fisch.,3,Apple,755.51,560.12,163,True,2023-12-17
68,Samsung Tu Air,Ultimo zona possibilità domandare anima richiedere linea pieno teatro condizione.,3,Samsung,345.57,216.5,109,True,2025-10-16
69,Xiaomi Riportare Plus,Intérêt front entendre bout claire.,3,Xiaomi,502.41,375.95,199,True,2023-08-14
70,Xiaomi Vide Lite,Peur fou recherche année battre détail campagne.,3,Xiaomi,554.43,312.87,385,True,2025-11-09
71,Samsung Prochain Plus,Llegó han dólares natural organización arte porque público momento podría.,3,Samsung,564.0,412.72,14,True,2025-10-10
72,Xiaomi Commencement,Color estar primer causa seguir sí flores humana visto unos octubre.,3,Xiaomi,930.61,516.32,13,True,2023-08-29
73,Xiaomi Front Pro,Impossibile ma lira lavoro chiave consiglio osservare.,3,Xiaomi,264.34,180.96,133,True,2024-09-10
74,Lenovo Atque Lite,Glück stehen freuen Abend sehr und nah richtig vier.,3,Lenovo,435.88,252.85,385,True,2025-11-14
75,Apple Rappeler Pro,Escalier recueillir fermer toute solitude visage dent fil.,3,Apple,548.76,336.25,487,True,2023-11-22
76,Logitech Attendre Max,Schuh tief hier rufen traurig Zug Lehrer arbeiten leise.,4,Logitech,266.91,150.16,429,False,2024-05-12
77,Razer Onore Max,Menos debía una nuevo operación septiembre e práctica nombre.,4,Razer,173.17,133.58,238,True,2025-07-29
78,Logitech Profondo Lite,Industria intereses tampoco trata formación peso tribunal cuando.,4,Logitech,274.78,208.57,55,True,2025-04-03
79,Corsair San Pro,Sieht jung braun Onkel von kann Schluss.,4,Corsair,147.48,91.62,303,True,2024-11-13
80,HyperX Hasta Pro,Gar her denn Mama Mutter.,4,HyperX,299.0,194.32,407,True,2023-09-27
81,Corsair Dolores Air,Non fugit placeat libero nesciunt.,4,Corsair,235.95,184.69,174,False,2025-11-11
82,Logitech Officiis Plus,Frage Affe suchen Weg scheinen dir kam groß nass.,4,Logitech,159.8,113.37,362,True,2024-06-29
83,HyperX Vers Plus,Unter er hier las fertig möglich müssen zwischen Garten.,4,HyperX,220.71,125.83,238,True,2025-01-04
84,Razer Fin Plus,Señora diferencia teoría debía entrada volvió fiscal características proceso chile.,4,Razer,292.46,227.63,124,True,2025-08-19
85,Logitech Tempora Plus,Dolorum quidem quisquam perspiciatis consequatur atque occaecati aliquam ratione alias facilis.,4,Logitech,180.1,129.45,108,True,2024-12-15
86,HyperX Consectetur Lite,Sieht durch davon Meer Zeit Mama Welt Tür.,4,HyperX,309.03,193.05,284,False,2024-07-30
87,Razer Werden Max,Qui et camarade vent changer vers simple.,4,Razer,255.5,173.19,353,True,2026-04-05
88,Logitech Rentrer Air,Steigen als Maus Klasse schaffen.,4,Logitech,46.08,34.31,124,True,2025-07-29
89,HyperX Neben Lite,Brûler déjà air sourire miser terminer danser attitude.,4,HyperX,157.12,96.4,180,True,2025-01-09
90,HyperX Vision Lite,Damit Auge arbeiten öffnen dafür Ferien Maus Himmel.,4,HyperX,92.0,57.01,61,True,2024-07-18
91,Razer Scheinen,Operaio qualunque stato più sguardo partire treno durante prima.,4,Razer,261.69,191.26,500,True,2025-02-03
92,Razer Numquam Lite,Siège boire pont même vin exister fort.,4,Razer,113.95,80.88,7,True,2024-03-20
93,Logitech Cupiditate Air,Peur passion nu aider reprendre.,4,Logitech,340.41,225.24,483,True,2026-04-05
94,Logitech Debitis Plus,Attenzione riguardare corso credere spegnere ferro.,4,Logitech,206.74,141.13,174,True,2023-10-18
95,Corsair Saepe Plus,Puso nuevo quien obra pueden sur sus.,4,Corsair,53.11,41.62,37,True,2023-10-22
96,Razer México Pro,Eum cupiditate amet qui minima quia labore quod maiores autem.,4,Razer,285.92,160.89,127,True,2025-11-03
97,Razer Godere Plus,Quanto sì politica esercito piacere.,4,Razer,274.08,193.2,152,True,2025-11-29
98,Logitech Ni Max,Grain bruit prêter heureux surtout entier chemin celui.,4,Logitech,218.62,134.45,320,True,2023-12-18
99,Razer Vento Pro,Öffnen mal Klasse nichts Brief schreiben verlieren rechnen.,4,Razer,73.05,57.07,209,True,2026-02-21
100,Logitech Giorno Air,Souvent garçon sang fort protéger énergie énergie devant unique.,4,Logitech,92.31,57.53,440,True,2024-10-25
101,Sennheiser Bien Plus,Sí gran modelo local cuya.,5,Sennheiser,303.31,171.85,58,True,2024-05-05
102,Bose Volontà Lite,Possedere impedire spettacolo troppo infatti teatro argomento egli.,5,Bose,49.71,37.71,304,True,2025-02-15
103,Sony Halbe Plus,Sociales toda resultados hija puesto cuya presidente dar ley empresas.,5,Sony,220.54,159.67,482,True,2026-04-11
104,Sony Vista Air,Muerto título mujeres mujer precisamente llegar buena a zonas fuerte.,5,Sony,276.16,159.52,165,True,2023-08-26
105,Bose Blanc,At minus fugiat iste culpa.,5,Bose,432.62,255.68,300,True,2025-01-06
106,Sony Sein,Nennen Wald die so baden Bild kann ins nie ihn.,5,Sony,347.14,262.51,333,True,2025-01-24
107,Sennheiser Quam Pro,Estudio tú viene efecto tratamiento muy comisión favor.,5,Sennheiser,206.43,123.12,240,True,2025-05-17
108,Sony Situación Air,Sonst Sonne gab danach Lehrerin jeder.,5,Sony,387.83,278.29,253,True,2025-10-02
109,Sony Modi Lite,Matrimonio sforzo scoppiare atto sorridere anno aggiungere.,5,Sony,214.58,154.79,59,True,2025-10-09
110,Sony Juicio Plus,Jahr hängen Papa gab hängen Zahl dumm Wissen kochen schlecht.,5,Sony,301.79,200.49,27,True,2025-07-14
111,Apple Bleiben Max,Dernier noire mais forcer encore.,5,Apple,287.93,175.64,136,True,2025-02-13
112,Apple Fallen,Berg Onkel Mama Eltern sprechen Haare.,5,Apple,71.21,39.64,409,True,2024-05-24
113,Sennheiser Ex Max,Mis cuenta cómo peso vida marzo.,5,Sennheiser,24.88,17.37,430,True,2026-02-04
114,Bose Pendant,Labbro territorio notare pericoloso peggio sottile pensare cielo attenzione invece.,5,Bose,233.3,144.84,361,True,2026-03-19
115,Bose Suchen Max,Bauen letzte Geld Kind bauen Tür Berg vier verstecken nur.,5,Bose,215.42,164.55,471,True,2024-04-09
116,JBL Preferire Lite,Mien respecter supporter hôtel risquer pénétrer entier jamais cheval attention.,5,JBL,351.25,205.97,478,True,2025-01-02
117,JBL Principios,Lernen dumm Finger Junge kalt.,5,JBL,331.2,195.62,337,True,2024-05-04
118,Sennheiser Durare,Wenn Hilfe spielen schenken bald ohne Glas gibt.,5,Sennheiser,227.27,162.93,193,True,2025-04-24
119,Bose Preparare Plus,See reiten weinen von Glas Name den.,5,Bose,264.87,196.43,22,True,2026-02-27
120,Apple Genau Air,Nourrir transformer en ferme respecter rôle.,5,Apple,444.02,267.26,77,True,2023-09-18
121,Sennheiser Come Pro,Expression extraordinaire condition croix trou jour déchirer chambre avant sens.,5,Sennheiser,434.1,311.25,447,True,2024-01-25
122,Apple Económica Air,Ancora filo rimanere caso gioco colpa servizio risolvere scrittore cominciare.,5,Apple,25.6,19.56,496,True,2026-02-20
123,JBL Attendre Pro,Plus demeurer hier droite quoi hors marche en.,5,JBL,287.0,201.08,436,True,2025-08-21
124,Apple Dominer Pro,Zur kommen fährt Herz machen Zahl tot Stück dem Fisch.,5,Apple,394.12,311.76,120,True,2025-02-12
125,Sony Machine Air,Provincia mettere capitare avvicinare collo.,5,Sony,205.61,159.43,360,True,2025-12-29
126,Garmin Prix Pro,At tenetur repellendus suscipit ut impedit id fugiat harum.,6,Garmin,635.26,500.9,150,True,2025-12-03
127,Samsung Campo Max,Eum aut quaerat excepturi corporis.,6,Samsung,389.57,256.54,87,True,2025-08-26
128,Samsung Cuanto Max,Réalité intention ou tantôt agir cuisine.,6,Samsung,367.46,240.4,236,True,2026-01-31
129,Apple Quo Lite,Infatti ritenere determinare capace di personale pazzo assistere sicuro materia.,6,Apple,632.28,432.28,346,True,2023-12-03
130,Garmin Alzare Plus,Difesa chiaro insegnare particolare difendere improvviso popolo azione vestito attento.,6,Garmin,690.85,501.01,353,True,2025-03-14
131,Xiaomi Valere Plus,Neppure giù linea periodo visita dirigere affatto rosso fiume.,6,Xiaomi,602.2,465.7,292,True,2025-03-01
132,Apple Enero Lite,Cattolico forte finché pezzo servire presenza vino lungo.,6,Apple,684.44,434.92,4,True,2023-10-13
133,Xiaomi Deleniti Max,Todo dice enero considera mal propio hijo sala pronto.,6,Xiaomi,588.67,338.05,310,True,2024-09-25
134,Samsung Psoe Air,Explicabo quos sint ex commodi facilis suscipit.,6,Samsung,448.79,282.99,392,True,2024-04-10
135,Apple Me Lite,Lehrer Lehrerin werfen Loch Stück sehr.,6,Apple,635.25,405.55,403,True,2025-07-21
136,Apple Primeros Plus,Naturalmente fatica avanti polizia essa padrone.,6,Apple,639.35,459.26,89,True,2025-07-23
137,Fitbit Déjà Lite,Honneur prononcer temps oser habiter passage respecter assez.,6,Fitbit,641.9,380.25,467,True,2026-03-17
138,Garmin Loin Pro,Unico chiamare pane riva amore attendere.,6,Garmin,569.79,389.12,72,True,2024-10-09
139,Fitbit Hat Pro,Ancien chiffre hôtel fatiguer hier avant chambre faire enfermer doute.,6,Fitbit,280.41,168.9,135,True,2026-01-21
140,Garmin Le Lite,Maxime totam blanditiis quod provident dolor nostrum possimus voluptatum.,6,Garmin,424.81,252.51,55,True,2026-02-24
141,Fitbit Cupiditate,Iste tempore ipsum assumenda placeat.,6,Fitbit,622.59,410.69,113,True,2026-02-09
142,Xiaomi Schaffen Pro,Mich ganz gefährlich Ding schwarz.,6,Xiaomi,116.01,91.49,155,True,2024-02-27
143,Samsung Magni Plus,Cantare convincere certamente sacrificio almeno neppure gatto.,6,Samsung,624.59,478.49,189,True,2025-11-09
144,Samsung Decisione Plus,Atteggiamento gridare punto lungo impedire.,6,Samsung,623.37,396.63,315,True,2025-01-27
145,Garmin Révolution Max,Aquellas dónde personal análisis internacional sectores.,6,Garmin,182.4,125.64,437,True,2025-07-26
146,Garmin Fatica Pro,Magnam sit rerum maxime esse cum vel dolorem veniam.,6,Garmin,78.96,57.72,485,True,2026-01-21
147,Samsung Mattina Pro,Tipo instituto hora hubo cuyo sí república.,6,Samsung,462.52,300.97,25,True,2024-11-14
148,Fitbit Don,Quam non sapiente natus repudiandae adipisci aliquid odit nemo officiis quisquam.,6,Fitbit,174.44,103.36,106,True,2024-10-24
149,Samsung Soir Lite,Dicen alguien dónde manos centro cuestión camino miembros crecimiento.,6,Samsung,559.5,364.24,439,True,2024-03-27
150,Garmin Nulla Pro,Inquiétude étage charger situation ensemble voir étendue fort réclamer.,6,Garmin,566.02,437.26,67,False,2024-11-03
151,UGREEN Volontà Max,Número ellos personal nacional mi deseo entrar base.,7,UGREEN,6.17,4.53,379,True,2024-02-22
152,Spigen Itaque,Considerare collina vuoto libertà staccare marito bambina grande.,7,Spigen,38.17,27.08,55,True,2024-09-30
153,Anker Essuyer Air,Explicabo amet libero sunt omnis iusto modi sed inventore sunt.,7,Anker,58.82,33.69,266,True,2023-09-06
154,Spigen Spiel Pro,Après arrêter mode extraordinaire durer fine huit mentir.,7,Spigen,67.7,46.95,251,True,2025-12-29
155,Anker Coscienza Max,Hic recusandae excepturi vel quidem.,7,Anker,28.84,22.0,140,True,2025-04-30
156,UGREEN Sed Pro,Matrimonio anzi centrale figlio lontano legare palazzo metro.,7,UGREEN,38.57,25.02,406,True,2024-09-17
157,Spigen Wir Plus,Colpa volgere rapido escludere filo sereno montagna prossimo.,7,Spigen,70.72,49.26,204,True,2024-01-15
158,Spigen Langsam Max,Mercado hacer dado falta pp tribunal pueda rey.,7,Spigen,28.13,20.71,351,True,2023-11-19
159,Anker Zimmer Air,Davvero argomento là minuto qualche risultare giovane sembrare difesa né.,7,Anker,11.9,9.23,190,True,2023-11-04
160,UGREEN Juan Air,Seguridad política compañía dirección características toma tribunal estructura ni.,7,UGREEN,54.58,38.06,481,True,2023-10-18
161,UGREEN Quas Max,Eveniet optio minima et cupiditate totam exercitationem explicabo quo quam.,7,UGREEN,31.02,20.33,79,True,2024-10-06
162,UGREEN Nächste Lite,Vaincre doute égal trembler visite rejoindre.,7,UGREEN,67.56,47.84,293,True,2025-11-29
163,Anker Voluptas Air,Jeu minute train professeur durant mourir mêler supporter.,7,Anker,50.07,31.82,136,False,2025-01-14
164,UGREEN Joindre Max,Aliquam veritatis aspernatur unde omnis quibusdam distinctio.,7,UGREEN,30.98,23.38,289,True,2023-11-24
165,Anker Lungo Plus,Centro partire opera differenza possedere mondo personaggio.,7,Anker,11.79,7.87,214,True,2024-05-22
166,UGREEN Antes,Principe bois rejeter accent mer tourner frère traîner.,7,UGREEN,58.4,35.38,305,True,2023-10-20
167,Belkin Plaine Pro,Eum officia tenetur at nemo modi quam.,7,Belkin,60.83,47.91,139,True,2025-11-19
168,Spigen Obstante,Sunt cupiditate ullam voluptatum id libero vel vitae unde.,7,Spigen,35.65,26.6,58,True,2024-02-17
169,Spigen Del Max,Nicht wichtig Glas Klasse Pferd Luft warten dazu lernen früh.,7,Spigen,43.99,31.8,202,True,2023-10-25
170,Belkin Español Max,Officia quaerat accusamus excepturi eos perferendis deserunt nostrum odit.,7,Belkin,27.31,20.41,391,True,2025-05-06
171,Anker Nuit Max,Azzurro posizione congresso che fede dinanzi distruggere destino.,7,Anker,41.81,28.95,194,True,2024-10-18
172,UGREEN Wünschen Pro,Name müde frei Hand Ferien rund Kopf.,7,UGREEN,10.33,6.04,223,False,2023-12-11
173,Spigen Necessitatibus Plus,Prima personaggio troppo gamba cui usare luna.,7,Spigen,47.43,29.53,148,True,2023-08-16
174,Belkin Sérieux Air,Schreiben weiß sofort Stück trinken Sommer schenken nennen stehen.,7,Belkin,64.3,41.5,470,True,2025-12-15
175,Belkin Rosso Pro,Autore notare assicurare nazione meglio né ci fermo.,7,Belkin,37.24,26.06,202,True,2025-05-30
